StartDate,EndDate,Status,IPAddress,Progress,Duration (in seconds),Finished,RecordedDate,ResponseId,RecipientLastName,RecipientFirstName,RecipientEmail,ExternalReference,LocationLatitude,LocationLongitude,DistributionChannel,UserLanguage,digital_literacy_1,digital_literacy_2,digital_literacy_3,digital_literacy_4,digital_literacy_DO_1,digital_literacy_DO_2,digital_literacy_DO_3,digital_literacy_DO_4,news_trust_1,news_trust_2,news_trust_3,news_trust_4,news_trust_5,news_trust_6,news_trust_DO_1,news_trust_DO_2,news_trust_DO_3,news_trust_DO_4,news_trust_DO_5,news_trust_DO_6,ideo_place_self,Party_id,Party_id_DO_1,Party_id_DO_2,Party_id_DO_3,Party_id_DO_4,Party_id_lean,strong_democrat,strong_republican,feeling_therm_1,feeling_therm_2,feeling_therm_DO_1,feeling_therm_DO_2,sm_cynicism_1,sm_cynicism_2,sm_cynicism_3,sm_cynicism_DO_1,sm_cynicism_DO_2,sm_cynicism_DO_3,Pol_cyn_1,ext_media_1,ext_media_1_DO_1,ext_media_1_DO_2,ext_media_2,ext_media_2_DO_1,ext_media_2_DO_2,ext_media_3,misinfo_belief_1,misinfo_belief_2,misinfo_belief_3,misinfo_belief_4,misinfo_belief_5,misinfo_belief_6,misinfo_belief_7,misinfo_belief_8,misinfo_belief_DO_1,misinfo_belief_DO_2,misinfo_belief_DO_3,misinfo_belief_DO_4,misinfo_belief_DO_5,misinfo_belief_DO_6,misinfo_belief_DO_7,misinfo_belief_DO_8,fake_news_problem,fc_familiarity,fc_trust,Misinfo_literacy_1,Misinfo_literacy_2,Misinfo_literacy_3,Misinfo_literacy_4,Misinfo_literacy_5,Misinfo_literacy_6,sm_news_trust_1,sm_news_trust_2,sm_news_trust_3,sm_news_trust_4,exp,hash,id
2023-05-22T19:09:26Z,2023-05-22T19:16:34Z,IP Address,216.165.95.157,100,427,TRUE,2023-05-22T19:16:34Z,R_2e8Mt2yxa3WYG22,NA,NA,NA,NA,40.7359,-73.9904,anonymous,EN,1,2,1,2,2,1,4,3,Not too much,Not too much,Not too much,Not too much,Not too much,Not too much,5,6,2,1,4,3,Slightly liberal,Something else,1,2,3,4,Neither,NA,NA,42,67,1,2,-1,3,-1,1,3,2,Hardly any,Stops political leaders from doing things that shouldn't be done,2,1,Tend to favor one side,2,1,All the time,Not at all accurate,Not at all accurate,Not at all accurate,Not at all accurate,Not at all accurate,Not at all accurate,Not at all accurate,Not at all accurate,6,7,3,4,2,5,8,1,A very big problem,Yes,Little,2,2,2,2,2,2,60,60,60,34,treatment,NA,NA
2023-05-22T19:32:04Z,2023-05-22T19:34:33Z,IP Address,71.64.2.6,100,148,TRUE,2023-05-22T19:34:34Z,R_3nf1oqWyJ0xUnOa,NA,NA,3ac2cf087b8cf35000d64f13a949485b,NA,41.2779,-84.3578,anonymous,EN,Strongly Disagree,Strongly Agree,2,Strongly Disagree,3,2,4,1,Not too much,Not too much,Not at all,Some,Not too much,Not too much,5,2,1,3,4,6,Very conservative,Republican,2,1,3,4,NA,NA,Strong Republican,100,0,1,2,Strongly Agree,Strongly Agree,Strongly Agree,3,1,2,Quite a few,Stops political leaders from doing things that shouldn't be done,1,2,Tend to favor one side,1,2,All the time,Somewhat accurate,Very accurate,Somewhat accurate,Very accurate,Not very accurate,Not very accurate,Somewhat accurate,Somewhat accurate,3,5,1,2,7,8,6,4,A moderately big problem,No,NA,5,Very likely,5,4,6,Very likely,100,71,66,87,control,3ac2cf087b8cf35000d64f13a949485b,1
2023-05-22T19:31:21Z,2023-05-22T19:35:10Z,IP Address,68.51.74.196,100,229,TRUE,2023-05-22T19:35:11Z,R_ThgL0UuzSWj4Dtf,NA,NA,a0324046862cbe5b998c38a1ce57f4d2,NA,40.3228,-86.8881,anonymous,EN,Strongly Disagree,Strongly Agree,Strongly Agree,-3,2,3,4,1,Not too much,Some,Some,Some,Not too much,Some,6,1,2,4,3,5,Somewhat conservative,Republican,1,2,3,4,NA,NA,Strong Republican,80,25,1,2,2,Strongly Agree,2,3,1,2,Not very many,Keeps political leaders from doing their job,2,1,Tend to favor one side,1,2,Once in a while,Somewhat accurate,Somewhat accurate,Somewhat accurate,Not at all accurate,Very accurate,Very accurate,Very accurate,Very accurate,8,3,6,4,7,1,2,5,A moderately big problem,Yes,A moderate amount,Very likely,5,5,Very likely,5,5,60,20,50,70,treatment,a0324046862cbe5b998c38a1ce57f4d2,1
2023-05-22T19:33:28Z,2023-05-22T19:35:53Z,IP Address,174.109.249.244,100,144,TRUE,2023-05-22T19:35:53Z,R_1IhoknmUjkfjDsD,NA,NA,076a8f378bdf0bd737afe986151adff5,NA,35.7704,-78.6293,anonymous,EN,1,1,1,1,3,4,2,1,Not too much,Not too much,Not too much,Not too much,Not too much,Not too much,6,4,1,3,2,5,Slightly conservative,Independent,1,2,3,4,Closer to the Democratic Party,NA,NA,58,61,1,2,0,0,0,1,3,2,Hardly any,Stops political leaders from doing things that shouldn't be done,1,2,Tend to favor one side,1,2,All the time,Very accurate,Very accurate,Very accurate,Somewhat accurate,Very accurate,Somewhat accurate,Very accurate,Somewhat accurate,8,1,7,4,2,5,6,3,A small problem,Yes,A moderate amount,5,5,5,4,4,4,52,50,53,52,treatment,076a8f378bdf0bd737afe986151adff5,1
2023-05-22T19:32:05Z,2023-05-22T19:35:59Z,IP Address,216.23.244.20,100,234,TRUE,2023-05-22T19:36:00Z,R_3j2Slh1SVRwRK4M,NA,NA,a07b254516cd4d248efb8b99d30e2ba4,NA,40.8771,-85.5045,anonymous,EN,-3,2,3,Strongly Disagree,2,3,4,1,Some,Some,Some,Not too much,Some,A lot,2,1,5,6,4,3,Somewhat liberal,Democrat,2,1,3,4,NA,Strong Democrat,NA,19,73,1,2,-2,3,0,1,3,2,Quite a few,Stops political leaders from doing things that shouldn't be done,2,1,Deal fairly with all sides,1,2,Once in a while,NA,Not at all accurate,Not at all accurate,Not at all accurate,Not at all accurate,Somewhat accurate,Very accurate,Very accurate,5,4,6,8,1,2,3,7,A moderately big problem,Yes,A lot,Very likely,6,Very likely,5,4,2,11,8,81,62,control,a07b254516cd4d248efb8b99d30e2ba4,1
2023-05-22T19:31:50Z,2023-05-22T19:36:02Z,IP Address,172.56.193.98,100,251,TRUE,2023-05-22T19:36:02Z,R_1qerg9pPRUlgn0C,NA,NA,1040ebc07347a23fe7f3f7ebbb98eae8,NA,42.3388,-71.0726,anonymous,EN,Strongly Disagree,Strongly Agree,Strongly Agree,Strongly Disagree,4,3,1,2,Some,Not at all,Some,Not too much,Not too much,A lot,1,5,2,4,3,6,"Moderate, middle of the road",Independent,1,2,3,4,Closer to the Democratic Party,NA,NA,0,20,2,1,Strongly Disagree,3,Strongly Agree,1,2,3,Quite a few,Stops political leaders from doing things that shouldn't be done,1,2,Deal fairly with all sides,1,2,Once in a while,Not at all accurate,Not very accurate,Not at all accurate,Not at all accurate,Not at all accurate,Very accurate,Very accurate,Very accurate,4,6,7,3,2,1,5,8,A moderately big problem,Yes,A lot,Very likely,Very likely,6,6,Not at all likely,Very likely,0,5,0,0,treatment,1040ebc07347a23fe7f3f7ebbb98eae8,1
2023-05-22T19:31:56Z,2023-05-22T19:36:44Z,IP Address,24.208.227.78,100,288,TRUE,2023-05-22T19:36:45Z,R_2pWd2mmFyW2aGjf,NA,NA,0e217f4784a1d7c62fb1898e5b75bf97,NA,39.8722,-82.0935,anonymous,EN,Strongly Disagree,Strongly Agree,Strongly Agree,Strongly Disagree,1,3,4,2,Not too much,Not too much,Not too much,Not too much,Not too much,Not too much,3,6,5,4,1,2,Very conservative,Republican,2,1,3,4,NA,NA,Strong Republican,50,0,2,1,Strongly Agree,Strongly Agree,Strongly Agree,2,3,1,Quite a few,Stops political leaders from doing things that shouldn't be done,2,1,Tend to favor one side,1,2,Most of the time,NA,Very accurate,Somewhat accurate,Somewhat accurate,Not at all accurate,Very accurate,Somewhat accurate,Very accurate,7,8,6,4,1,3,5,2,Not a problem at all,Yes,None,Very likely,Very likely,Very likely,Very likely,Very likely,Very likely,50,50,50,50,control,0e217f4784a1d7c62fb1898e5b75bf97,1
2023-05-22T19:36:01Z,2023-05-22T19:40:37Z,IP Address,76.50.182.227,100,276,TRUE,2023-05-22T19:40:38Z,R_bvB2Fz09QpKN1UR,NA,NA,40e85292ffbc89f4d27a8a07fcaa70c6,NA,34.0587,-118.2781,anonymous,EN,1,Strongly Agree,3,3,1,2,3,4,Some,Not too much,Some,Some,Some,Some,2,6,4,5,3,1,Slightly conservative,Democrat,2,1,3,4,NA,Not very strong Democrat,NA,25,66,2,1,2,3,3,1,2,3,Not very many,Stops political leaders from doing things that shouldn't be done,1,2,Deal fairly with all sides,2,1,Once in a while,Not at all accurate,Not at all accurate,Not at all accurate,Not at all accurate,Not at all accurate,Very accurate,Somewhat accurate,Very accurate,8,5,3,2,7,6,4,1,A very big problem,Yes,A moderate amount,6,6,6,6,6,6,26,50,50,14,treatment,40e85292ffbc89f4d27a8a07fcaa70c6,1
2023-05-22T19:39:09Z,2023-05-22T19:42:26Z,IP Address,98.198.200.153,100,197,TRUE,2023-05-22T19:42:27Z,R_1hE8o7zYo2cYfCz,NA,NA,ef07563dcbf5edd0cc713fab1b984388,NA,29.7912,-95.4182,anonymous,EN,-2,3,3,-2,1,4,3,2,Some,Not too much,Some,Not too much,Some,Some,5,3,1,2,6,4,Very liberal,Democrat,1,2,3,4,NA,Strong Democrat,NA,25,76,1,2,NA,3,1,3,2,1,Quite a few,Stops political leaders from doing things that shouldn't be done,2,1,Tend to favor one side,1,2,About half of the time,Somewhat accurate,Not at all accurate,Very accurate,Not very accurate,Not at all accurate,Very accurate,Very accurate,NA,4,3,6,1,5,2,8,7,A very big problem,Yes,Little,6,6,NA,6,NA,5,35,29,26,25,treatment,ef07563dcbf5edd0cc713fab1b984388,1
2023-05-22T19:39:36Z,2023-05-22T19:44:24Z,IP Address,174.52.27.20,100,288,TRUE,2023-05-22T19:44:25Z,R_3luF8TV8s36MPkn,NA,NA,ab9640829b744a11a1d075196f8db2a8,NA,40.7038,-111.5437,anonymous,EN,Strongly Disagree,Strongly Agree,Strongly Agree,Strongly Disagree,4,2,3,1,Not too much,Not too much,Not too much,Not too much,Some,Not too much,3,1,2,6,4,5,Very liberal,Independent,1,2,3,4,Neither,NA,NA,0,0,2,1,Strongly Agree,Strongly Agree,Strongly Agree,3,1,2,Quite a few,Stops political leaders from doing things that shouldn't be done,1,2,Tend to favor one side,1,2,Once in a while,Somewhat accurate,Not at all accurate,Not at all accurate,Not at all accurate,Not very accurate,Very accurate,Very accurate,Not at all accurate,6,7,3,8,2,1,4,5,A very big problem,Yes,A moderate amount,Very likely,Very likely,Very likely,Very likely,Very likely,Very likely,0,38,30,32,treatment,ab9640829b744a11a1d075196f8db2a8,1
2023-05-22T19:36:28Z,2023-05-22T19:44:58Z,IP Address,104.176.13.88,100,510,TRUE,2023-05-22T19:44:59Z,R_rrquHFv5RbfzPLr,NA,NA,fed82ca0812398674db06a10c696e712,NA,32.9247,-96.8917,anonymous,EN,-2,Strongly Agree,Strongly Agree,-3,3,4,1,2,Some,Not too much,Some,Some,Some,Some,4,5,3,1,6,2,Somewhat conservative,Independent,1,2,3,4,Closer to the Republican Party,NA,NA,91,10,1,2,2,Strongly Agree,Strongly Agree,3,2,1,Quite a few,Stops political leaders from doing things that shouldn't be done,1,2,Deal fairly with all sides,1,2,About half of the time,Somewhat accurate,Somewhat accurate,Not very accurate,Not at all accurate,Not very accurate,Not very accurate,Very accurate,Not very accurate,6,5,3,1,2,7,4,8,A very big problem,No,NA,Very likely,Very likely,5,Very likely,6,2,11,40,30,20,control,fed82ca0812398674db06a10c696e712,1
2023-05-22T19:35:54Z,2023-05-22T19:45:06Z,IP Address,50.96.106.93,100,552,TRUE,2023-05-22T19:45:07Z,R_3KqL89PIdRS2Ciu,NA,NA,07fb87f67dd61cd55733e50fbcc6ae25,NA,34.2497,-84.4894,anonymous,EN,Strongly Disagree,Strongly Agree,Strongly Agree,Strongly Disagree,2,4,3,1,Some,Some,Some,Some,Some,Some,6,3,2,1,5,4,Very liberal,Democrat,2,1,3,4,NA,Strong Democrat,NA,0,71,1,2,0,2,-1,1,3,2,Quite a few,Stops political leaders from doing things that shouldn't be done,1,2,Tend to favor one side,1,2,Once in a while,Not at all accurate,Not at all accurate,Not at all accurate,Not at all accurate,Not at all accurate,Somewhat accurate,Very accurate,NA,5,4,3,6,8,2,1,7,A very big problem,Yes,A lot,Very likely,Very likely,Very likely,Very likely,5,5,55,60,50,50,control,07fb87f67dd61cd55733e50fbcc6ae25,1
2023-05-22T19:41:57Z,2023-05-22T19:45:09Z,IP Address,75.15.186.50,100,191,TRUE,2023-05-22T19:45:10Z,R_2dPXORUDWF1CFjc,NA,NA,09c74663c37ef5575ddb71b9818e5679,NA,42.4933,-83.135,anonymous,EN,-1,Strongly Agree,-1,-3,1,4,3,2,Not too much,Some,Some,Some,Some,Not too much,6,5,3,4,2,1,Slightly liberal,Democrat,1,2,3,4,NA,Strong Democrat,NA,0,79,1,2,1,1,1,2,3,1,Quite a few,Keeps political leaders from doing their job,1,2,Tend to favor one side,2,1,All the time,Not very accurate,Very accurate,Somewhat accurate,Somewhat accurate,Somewhat accurate,Somewhat accurate,Very accurate,Not very accurate,2,6,8,5,1,4,7,3,A small problem,Yes,A moderate amount,4,2,2,4,4,4,71,83,80,69,control,09c74663c37ef5575ddb71b9818e5679,1
2023-05-22T19:44:09Z,2023-05-22T19:45:43Z,IP Address,72.189.48.151,100,93,TRUE,2023-05-22T19:45:44Z,R_3Mnd3wNISxcC0TX,NA,NA,84c10cfbc4aba15d033edf6fee98e4a6,NA,28.4883,-81.4061,anonymous,EN,Strongly Agree,Strongly Agree,Strongly Agree,Strongly Agree,1,3,4,2,A lot,A lot,A lot,A lot,A lot,A lot,3,1,5,4,6,2,Very liberal,Democrat,2,1,3,4,NA,Strong Democrat,NA,3,100,1,2,Strongly Agree,Strongly Agree,Strongly Agree,1,3,2,Quite a few,Keeps political leaders from doing their job,2,1,Tend to favor one side,2,1,All the time,Very accurate,Very accurate,Very accurate,Very accurate,Very accurate,Very accurate,Very accurate,Very accurate,7,2,5,4,1,6,3,8,A very big problem,Yes,A great deal,Very likely,Very likely,Very likely,Very likely,Very likely,Very likely,52,64,66,77,treatment,84c10cfbc4aba15d033edf6fee98e4a6,1
2023-05-22T19:43:03Z,2023-05-22T19:48:09Z,IP Address,207.172.193.135,100,306,TRUE,2023-05-22T19:48:09Z,R_1JLBnFRnF6SwEvs,NA,NA,f6bb9a52fadb0a8b694859742e70f473,NA,40.595,-75.5289,anonymous,EN,Strongly Disagree,Strongly Agree,Strongly Agree,Strongly Disagree,1,3,2,4,Some,Some,A lot,Some,Not too much,Some,1,3,5,4,6,2,Somewhat liberal,Republican,2,1,3,4,NA,NA,Not very strong Republican,82,70,2,1,Strongly Agree,Strongly Agree,Strongly Agree,3,1,2,Quite a few,Stops political leaders from doing things that shouldn't be done,2,1,Tend to favor one side,2,1,Once in a while,NA,Not very accurate,Not at all accurate,Not at all accurate,Not at all accurate,Very accurate,Very accurate,Very accurate,3,1,6,5,4,2,7,8,A very big problem,Yes,A lot,6,Very likely,Very likely,Very likely,Very likely,Very likely,39,6,0,95,control,f6bb9a52fadb0a8b694859742e70f473,1
2023-05-22T19:36:33Z,2023-05-22T19:49:44Z,IP Address,24.191.124.77,100,790,TRUE,2023-05-22T19:49:45Z,R_2bVlLo2KYYZOvfA,NA,NA,27d50c305c84ff3dc95a04cc6db5e641,NA,40.6221,-73.981,anonymous,EN,Strongly Agree,Strongly Agree,Strongly Agree,2,1,4,3,2,Some,Some,Some,Some,Some,Some,3,2,1,6,4,5,Slightly conservative,Republican,1,2,3,4,NA,NA,Not very strong Republican,77,65,2,1,-3,Strongly Agree,Strongly Disagree,3,2,1,Quite a few,Stops political leaders from doing things that shouldn't be done,1,2,Tend to favor one side,2,1,Most of the time,Not at all accurate,Somewhat accurate,Not at all accurate,Not very accurate,NA,Somewhat accurate,NA,Somewhat accurate,3,1,4,2,7,8,5,6,A moderately big problem,Yes,A great deal,6,4,6,6,5,5,87,92,40,66,control,27d50c305c84ff3dc95a04cc6db5e641,1
2023-05-22T19:35:40Z,2023-05-22T19:51:41Z,IP Address,71.206.246.14,100,960,TRUE,2023-05-22T19:51:42Z,R_3PBO7EhXn3qx5J3,NA,NA,cafeb2a3a8d50b4106f5c876466cbfc8,NA,40.4442,-79.9557,anonymous,EN,Strongly Disagree,Strongly Agree,Strongly Agree,Strongly Disagree,3,4,1,2,Not at all,A lot,Some,Not at all,Not too much,Some,1,3,5,6,2,4,Somewhat conservative,Republican,2,1,3,4,NA,NA,Strong Republican,80,0,2,1,Strongly Agree,Strongly Agree,Strongly Agree,3,1,2,Quite a few,Stops political leaders from doing things that shouldn't be done,2,1,Tend to favor one side,1,2,About half of the time,Very accurate,Not very accurate,Very accurate,Not at all accurate,Not at all accurate,Very accurate,Not very accurate,Very accurate,5,8,3,1,4,7,2,6,A very big problem,Yes,A great deal,Very likely,Very likely,Very likely,Very likely,Not at all likely,Not at all likely,0,0,0,0,control,cafeb2a3a8d50b4106f5c876466cbfc8,1
2023-05-22T19:36:32Z,2023-05-22T19:51:50Z,IP Address,172.58.22.228,100,917,TRUE,2023-05-22T19:51:51Z,R_z8B1abSkPSwgIX7,NA,NA,4a367a9558042e7b7bdfd41b1d4e376d,NA,34.0544,-118.244,anonymous,EN,Strongly Disagree,3,2,-3,3,4,1,2,Some,Some,Some,Some,Some,Some,4,2,1,3,6,5,Slightly liberal,Independent,2,1,3,4,Closer to the Democratic Party,NA,NA,22,58,2,1,0,2,0,2,1,3,Quite a few,Stops political leaders from doing things that shouldn't be done,2,1,Tend to favor one side,2,1,Never,NA,Not at all accurate,Not at all accurate,NA,NA,Very accurate,Very accurate,NA,2,8,6,5,1,3,4,7,A very big problem,No,NA,Very likely,Very likely,Very likely,Very likely,4,5,49,52,51,52,treatment,4a367a9558042e7b7bdfd41b1d4e376d,1
2023-05-22T19:59:02Z,2023-05-22T20:02:34Z,IP Address,76.20.59.16,100,211,TRUE,2023-05-22T20:02:34Z,R_2VpudYLyFdKd4I8,NA,NA,e592b6ad58f937782723f52b29cca338,NA,38.4063,-121.4287,anonymous,EN,-3,3,2,Strongly Disagree,3,2,4,1,Not too much,A lot,Not too much,Not too much,Not too much,Not too much,2,3,1,6,5,4,Somewhat liberal,Democrat,2,1,3,4,NA,Not very strong Democrat,NA,0,89,1,2,-3,-2,-3,2,3,1,Quite a few,Stops political leaders from doing things that shouldn't be done,1,2,Tend to favor one side,2,1,Most of the time,Somewhat accurate,Very accurate,Not very accurate,Not at all accurate,Not very accurate,Very accurate,Very accurate,Somewhat accurate,7,4,5,1,3,6,8,2,A moderately big problem,Yes,A moderate amount,3,4,5,4,3,5,71,81,80,70,control,e592b6ad58f937782723f52b29cca338,1
2023-05-22T19:59:44Z,2023-05-22T20:03:42Z,IP Address,66.190.68.131,100,237,TRUE,2023-05-22T20:03:42Z,R_0ilI305hxeKzUVb,NA,NA,2e57bd3b6b05c4e9a44779525d0d80f9,NA,32.7254,-97.3208,anonymous,EN,-3,Strongly Agree,3,0,2,4,1,3,Not too much,Not at all,Some,Not too much,Some,Not too much,2,4,6,3,5,1,Very liberal,Democrat,1,2,3,4,NA,Not very strong Democrat,NA,9,37,2,1,Strongly Agree,Strongly Agree,Strongly Agree,1,2,3,Quite a few,Stops political leaders from doing things that shouldn't be done,1,2,Tend to favor one side,1,2,About half of the time,NA,Not very accurate,NA,Not at all accurate,Not at all accurate,Very accurate,Very accurate,Somewhat accurate,1,6,3,5,2,7,4,8,A very big problem,Yes,Little,6,Very likely,Very likely,6,4,4,14,24,19,24,control,2e57bd3b6b05c4e9a44779525d0d80f9,1
2023-05-22T20:15:01Z,2023-05-22T20:17:09Z,IP Address,98.253.242.85,100,128,TRUE,2023-05-22T20:17:11Z,R_re6RlTfamDaoIud,NA,NA,ec787674c0c3384009e39baed502d4d8,NA,41.8482,-87.6521,anonymous,EN,Strongly Agree,Strongly Agree,Strongly Agree,Strongly Agree,3,2,4,1,A lot,A lot,A lot,A lot,A lot,A lot,4,1,3,2,5,6,Very liberal,Republican,2,1,3,4,NA,NA,Strong Republican,100,100,2,1,Strongly Agree,Strongly Agree,Strongly Agree,3,2,1,Quite a few,Keeps political leaders from doing their job,2,1,Deal fairly with all sides,2,1,All the time,Very accurate,Very accurate,Very accurate,Very accurate,Very accurate,Very accurate,Very accurate,Very accurate,1,3,2,7,8,5,6,4,Not a problem at all,Yes,A great deal,Very likely,Very likely,Very likely,Very likely,Very likely,Very likely,100,100,100,100,treatment,ec787674c0c3384009e39baed502d4d8,1
2023-05-22T20:14:39Z,2023-05-22T20:21:57Z,IP Address,71.105.182.215,100,437,TRUE,2023-05-22T20:21:57Z,R_3oYkmGWdm5HxQ6N,NA,NA,27150f249ff96d86a2b7b14827cf334d,NA,40.7123,-74.0068,anonymous,EN,Strongly Disagree,Strongly Agree,Strongly Agree,-3,3,4,1,2,A lot,Some,A lot,A lot,Some,Some,6,5,3,2,1,4,"Moderate, middle of the road",Democrat,2,1,3,4,NA,Strong Democrat,NA,66,94,2,1,1,2,2,1,2,3,Not very many,Stops political leaders from doing things that shouldn't be done,2,1,Deal fairly with all sides,2,1,Once in a while,Somewhat accurate,Very accurate,Not very accurate,Somewhat accurate,Not very accurate,Not very accurate,Not very accurate,Not very accurate,1,2,6,5,4,8,3,7,A moderately big problem,Yes,A lot,5,6,Very likely,6,5,6,66,80,47,61,control,27150f249ff96d86a2b7b14827cf334d,1
2023-05-22T20:03:11Z,2023-05-22T20:22:12Z,IP Address,72.69.109.174,100,1140,TRUE,2023-05-22T20:22:12Z,R_2X1mAWB5PhWkJOi,NA,NA,043bb1117f7699a44ea892c5f37e05fc,NA,40.5948,-73.9715,anonymous,EN,-2,3,3,-1,2,1,4,3,Some,Not too much,Some,Some,Some,Some,4,1,2,5,6,3,Somewhat liberal,Democrat,2,1,3,4,NA,Not very strong Democrat,NA,20,60,2,1,2,Strongly Agree,3,2,3,1,Quite a few,Stops political leaders from doing things that shouldn't be done,2,1,Tend to favor one side,2,1,About half of the time,Not very accurate,Not very accurate,Not at all accurate,Not at all accurate,Very accurate,Very accurate,NA,Very accurate,2,6,3,8,5,4,7,1,A very big problem,Yes,A moderate amount,6,5,5,5,6,3,50,30,26,27,control,043bb1117f7699a44ea892c5f37e05fc,1
2023-05-22T20:16:24Z,2023-05-22T20:23:25Z,IP Address,76.92.169.101,100,421,TRUE,2023-05-22T20:23:26Z,R_1mUWVpG1Hs0kqFw,NA,NA,5497d7601b77183516ff16da3084f07a,NA,39.1027,-94.5925,anonymous,EN,Strongly Disagree,Strongly Agree,3,-3,3,1,4,2,Not at all,A lot,Some,Not at all,Not too much,Some,2,4,5,3,6,1,Somewhat liberal,Democrat,1,2,3,4,NA,Not very strong Democrat,NA,3,72,1,2,-2,2,-1,3,2,1,Quite a few,Stops political leaders from doing things that shouldn't be done,1,2,Deal fairly with all sides,1,2,About half of the time,NA,NA,NA,Not at all accurate,NA,Very accurate,Very accurate,NA,5,2,7,1,8,6,4,3,A very big problem,Yes,A moderate amount,5,6,5,4,Very likely,6,12,43,24,43,treatment,5497d7601b77183516ff16da3084f07a,1
2023-05-22T20:17:33Z,2023-05-22T20:25:24Z,IP Address,172.59.112.2,100,470,TRUE,2023-05-22T20:25:25Z,R_3KSz5WtUGv6kfga,NA,NA,a6b2c28eed30c288fca8bbf8f994db86,NA,37.5147,-77.5034,anonymous,EN,-2,Strongly Agree,2,Strongly Disagree,3,2,1,4,A lot,Some,A lot,Some,A lot,Some,4,6,2,1,3,5,Very liberal,Democrat,2,1,3,4,NA,Strong Democrat,NA,0,29,1,2,2,Strongly Agree,-1,2,3,1,Not very many,Stops political leaders from doing things that shouldn't be done,1,2,Tend to favor one side,2,1,Once in a while,Not very accurate,Not at all accurate,Not at all accurate,Not at all accurate,Not at all accurate,Very accurate,Very accurate,NA,6,8,1,2,7,4,3,5,A moderately big problem,Yes,A lot,Very likely,5,Very likely,Very likely,6,2,40,37,11,31,control,a6b2c28eed30c288fca8bbf8f994db86,1
2023-05-22T20:16:14Z,2023-05-22T20:26:56Z,IP Address,68.59.232.58,100,642,TRUE,2023-05-22T20:26:57Z,R_3e8nWCnStgAIjzZ,NA,NA,737651e10762db7b4dceb9954e8afbe5,NA,35.0227,-85.2318,anonymous,EN,Strongly Agree,Strongly Agree,Strongly Agree,Strongly Disagree,2,1,4,3,A lot,A lot,A lot,A lot,A lot,A lot,6,2,1,3,5,4,Very conservative,Democrat,1,2,3,4,NA,Strong Democrat,NA,43,100,2,1,Strongly Disagree,Strongly Agree,Strongly Disagree,2,3,1,Not very many,Keeps political leaders from doing their job,2,1,Deal fairly with all sides,2,1,All the time,Very accurate,Very accurate,Very accurate,Very accurate,Very accurate,Very accurate,Very accurate,Very accurate,4,1,3,8,6,7,5,2,A very big problem,Yes,A great deal,Not at all likely,Very likely,Very likely,Not at all likely,Very likely,Very likely,95,100,95,100,treatment,737651e10762db7b4dceb9954e8afbe5,1
2023-05-22T20:28:02Z,2023-05-22T20:31:52Z,IP Address,172.58.123.71,100,230,TRUE,2023-05-22T20:31:53Z,R_3fNmvnP3YA3p1yo,NA,NA,8d8f5ce4d0be804bc33909697e1b8f04,NA,42.3888,-83.1895,anonymous,EN,Strongly Disagree,Strongly Agree,Strongly Agree,Strongly Disagree,4,1,3,2,Not at all,A lot,Some,Not at all,Not too much,Some,5,4,1,2,6,3,Somewhat liberal,Democrat,1,2,3,4,NA,Not very strong Democrat,NA,0,76,2,1,-1,-2,Strongly Disagree,1,3,2,Quite a few,Stops political leaders from doing things that shouldn't be done,2,1,Tend to favor one side,2,1,Most of the time,Not very accurate,Not very accurate,Not very accurate,Somewhat accurate,Somewhat accurate,Not very accurate,Somewhat accurate,Somewhat accurate,3,4,5,7,6,1,2,8,A moderately big problem,Yes,Little,4,3,4,4,4,5,16,100,75,33,control,8d8f5ce4d0be804bc33909697e1b8f04,1
2023-05-22T20:29:18Z,2023-05-22T20:34:03Z,IP Address,31.27.4.133,100,285,TRUE,2023-05-22T20:34:04Z,R_xabY9IFEVNsBC4V,NA,NA,c7f814b3b0d171a3623ce3db26671e05,NA,41.8904,12.5126,anonymous,EN,2,Strongly Agree,Strongly Agree,2,1,4,2,3,A lot,A lot,A lot,Not too much,Not too much,Some,4,1,6,3,5,2,Somewhat liberal,Democrat,1,2,3,4,NA,Strong Democrat,NA,50,65,1,2,1,1,0,2,3,1,Quite a few,Stops political leaders from doing things that shouldn't be done,1,2,Tend to favor one side,2,1,Once in a while,Not at all accurate,Not at all accurate,Not very accurate,Not at all accurate,Not at all accurate,Not very accurate,Very accurate,Not very accurate,7,4,2,1,6,5,8,3,A small problem,No,NA,Very likely,5,5,5,6,5,20,70,60,60,control,c7f814b3b0d171a3623ce3db26671e05,1
2023-05-22T20:31:50Z,2023-05-22T20:39:11Z,IP Address,107.77.220.132,100,440,TRUE,2023-05-22T20:39:12Z,R_w1c0PIlIAtPceJP,NA,NA,0d58bbcc32344126bd351047b5f7ea9b,NA,29.7138,-95.2787,anonymous,EN,Strongly Disagree,2,2,Strongly Disagree,2,3,4,1,Some,Some,Some,Some,Some,Some,3,2,5,6,4,1,"Moderate, middle of the road",Independent,1,2,3,4,Closer to the Republican Party,NA,NA,66,0,2,1,-1,-1,-2,3,2,1,Quite a few,Stops political leaders from doing things that shouldn't be done,1,2,Tend to favor one side,1,2,About half of the time,Somewhat accurate,Somewhat accurate,NA,Not very accurate,Somewhat accurate,Very accurate,Not at all accurate,NA,2,6,5,3,1,4,7,8,A moderately big problem,Yes,Little,6,6,6,5,5,5,60,77,60,71,control,0d58bbcc32344126bd351047b5f7ea9b,1
2023-05-22T20:27:42Z,2023-05-22T20:40:20Z,IP Address,73.234.153.104,100,757,TRUE,2023-05-22T20:40:20Z,R_3DotdGeYRuh30Rn,NA,NA,c96d5c0016f0fb82420af57789446f58,NA,41.6669,-72.7726,anonymous,EN,Strongly Disagree,3,3,-3,3,4,1,2,Some,Some,Some,Some,Some,Some,3,4,5,6,2,1,"Moderate, middle of the road",Something else,2,1,3,4,Neither,NA,NA,50,50,1,2,0,0,-3,3,2,1,Quite a few,Stops political leaders from doing things that shouldn't be done,1,2,Tend to favor one side,2,1,About half of the time,Somewhat accurate,NA,NA,NA,NA,NA,Very accurate,NA,8,2,1,3,7,4,6,5,A moderately big problem,No,NA,Very likely,6,6,4,5,4,50,50,50,50,treatment,c96d5c0016f0fb82420af57789446f58,1
2023-05-22T20:38:03Z,2023-05-22T20:43:39Z,IP Address,72.89.248.18,100,336,TRUE,2023-05-22T20:43:40Z,R_2qEmtZN5ZFJWUkB,NA,NA,60901dd8221595c0ca09211992604ae1,NA,40.694,-73.9901,anonymous,EN,-2,3,3,-2,1,3,2,4,Some,Not too much,Some,Some,Some,A lot,5,4,6,3,1,2,"Moderate, middle of the road",Democrat,1,2,3,4,NA,Not very strong Democrat,NA,28,43,2,1,1,1,1,1,2,3,Quite a few,Stops political leaders from doing things that shouldn't be done,2,1,Tend to favor one side,2,1,Once in a while,Not very accurate,Not very accurate,Not very accurate,Not very accurate,Not very accurate,Very accurate,Very accurate,Very accurate,6,7,1,5,8,4,3,2,A moderately big problem,Yes,A moderate amount,5,5,6,5,3,3,17,20,16,17,treatment,60901dd8221595c0ca09211992604ae1,1
2023-05-22T20:43:49Z,2023-05-22T20:51:58Z,IP Address,199.242.176.65,100,489,TRUE,2023-05-22T20:51:59Z,R_1rNgs1mA1cmIOB8,NA,NA,dca5b3a5849a7ed05cf96d1939e7a3d2,NA,44.0197,-88.5514,anonymous,EN,1,3,3,-2,2,4,1,3,Some,Some,Some,Some,Some,Some,1,3,4,2,5,6,Slightly liberal,Independent,2,1,3,4,Closer to the Democratic Party,NA,NA,23,54,1,2,3,Strongly Agree,Strongly Agree,3,2,1,Quite a few,Stops political leaders from doing things that shouldn't be done,2,1,Tend to favor one side,2,1,Never,NA,Somewhat accurate,Not at all accurate,Not at all accurate,Not at all accurate,Somewhat accurate,Very accurate,NA,2,8,6,5,1,3,4,7,A moderately big problem,No,NA,5,4,Very likely,4,Very likely,Very likely,50,50,50,50,control,dca5b3a5849a7ed05cf96d1939e7a3d2,1
2023-05-22T20:58:22Z,2023-05-22T21:11:35Z,IP Address,184.170.174.100,100,792,TRUE,2023-05-22T21:11:36Z,R_2vcTnCpPvxUFjFK,NA,NA,9fea5dddf8b09cda07811507218698c0,NA,39.5992,-86.13,anonymous,EN,Strongly Disagree,Strongly Agree,Strongly Agree,Strongly Disagree,3,1,4,2,Not at all,A lot,Not too much,Not at all,Some,Some,4,2,6,3,1,5,Very liberal,Democrat,1,2,3,4,NA,Strong Democrat,NA,0,100,1,2,Strongly Disagree,Strongly Agree,Strongly Disagree,2,1,3,NA,Keeps political leaders from doing their job,1,2,Tend to favor one side,2,1,Never,NA,Not at all accurate,NA,Not at all accurate,Somewhat accurate,NA,Very accurate,Very accurate,2,7,8,6,1,5,3,4,A very big problem,Yes,A lot,Very likely,5,Very likely,Very likely,5,Very likely,70,70,70,50,treatment,9fea5dddf8b09cda07811507218698c0,1
2023-05-22T21:06:59Z,2023-05-22T21:12:20Z,IP Address,73.198.93.91,100,321,TRUE,2023-05-22T21:12:22Z,R_22RGzrWSaWch1Ra,NA,NA,a0081d147c8e455a35fdf1eec9625617,NA,39.1378,-74.7806,anonymous,EN,0,2,2,1,3,2,4,1,Some,Some,A lot,A lot,A lot,Some,4,2,1,3,6,5,"Moderate, middle of the road",Independent,2,1,3,4,Neither,NA,NA,50,50,2,1,3,3,0,1,2,3,Quite a few,Keeps political leaders from doing their job,1,2,Deal fairly with all sides,1,2,Most of the time,NA,Not very accurate,NA,Not at all accurate,Not very accurate,Very accurate,Very accurate,Somewhat accurate,7,2,6,4,1,5,8,3,A very big problem,Yes,A moderate amount,Very likely,Very likely,Very likely,4,4,4,0,73,0,20,control,a0081d147c8e455a35fdf1eec9625617,1
2023-05-22T19:31:34Z,2023-05-22T21:13:13Z,IP Address,96.32.231.11,100,6099,TRUE,2023-05-22T21:13:14Z,R_2Qxr6MN53xjUEfD,NA,NA,4afab8670ecadc327c5ff8324a4120ea,NA,36.5818,-87.4162,anonymous,EN,-2,Strongly Agree,Strongly Agree,-3,4,1,2,3,Some,Some,Some,Some,Some,Not too much,6,1,5,4,2,3,Slightly conservative,Republican,2,1,3,4,NA,NA,Not very strong Republican,52,22,1,2,2,3,2,3,2,1,Quite a few,Keeps political leaders from doing their job,2,1,Deal fairly with all sides,2,1,Once in a while,NA,NA,NA,NA,NA,NA,NA,NA,2,6,3,7,8,4,5,1,A moderately big problem,No,NA,Very likely,Very likely,Very likely,Very likely,Very likely,Very likely,1,50,1,1,treatment,4afab8670ecadc327c5ff8324a4120ea,1
2023-05-22T21:12:28Z,2023-05-22T21:20:22Z,IP Address,98.7.12.49,100,473,TRUE,2023-05-22T21:20:23Z,R_3g7PgS2bTNEZJ7d,NA,NA,ef44348bb6dad6f29d1edd42b7215b33,NA,40.7123,-74.0068,anonymous,EN,0,3,3,-1,2,3,1,4,Some,Not too much,Some,Some,Some,Some,6,3,2,5,4,1,Slightly liberal,Something else,2,1,3,4,Closer to the Democratic Party,NA,NA,31,62,2,1,2,3,3,1,3,2,Quite a few,Stops political leaders from doing things that shouldn't be done,2,1,Tend to favor one side,2,1,Once in a while,Not very accurate,Not very accurate,Not very accurate,Not at all accurate,Not very accurate,Very accurate,Very accurate,Somewhat accurate,3,8,7,1,5,2,4,6,A moderately big problem,Yes,A moderate amount,Very likely,Very likely,Very likely,6,Very likely,6,29,39,41,20,control,ef44348bb6dad6f29d1edd42b7215b33,1
2023-05-22T21:19:21Z,2023-05-22T21:25:15Z,IP Address,153.18.172.60,100,354,TRUE,2023-05-22T21:25:16Z,R_2bTAoGOL9UasnwY,NA,NA,d513764a0cece739ec94612c626b00c8,NA,37.3512,-121.8846,anonymous,EN,-2,2,3,-1,2,3,4,1,A lot,Some,A lot,A lot,Some,Some,6,4,5,2,3,1,Very liberal,Democrat,2,1,3,4,NA,Strong Democrat,NA,15,75,2,1,1,Strongly Agree,3,3,1,2,Quite a few,Stops political leaders from doing things that shouldn't be done,1,2,Tend to favor one side,2,1,Never,Not at all accurate,Not at all accurate,Not at all accurate,Not at all accurate,Not at all accurate,Very accurate,Somewhat accurate,Very accurate,7,5,4,2,8,3,6,1,A moderately big problem,Yes,A lot,Very likely,3,5,6,6,5,10,65,55,72,treatment,d513764a0cece739ec94612c626b00c8,1
2023-05-22T19:43:04Z,2023-05-22T21:33:23Z,IP Address,73.174.61.84,100,6618,TRUE,2023-05-22T21:33:23Z,R_3069vBgmz6LCdH7,NA,NA,e1e8bc4dc48b997197c595f439c74ef0,NA,40.3633,-79.8633,anonymous,EN,Strongly Agree,Strongly Agree,Strongly Agree,Strongly Agree,1,2,4,3,A lot,A lot,A lot,A lot,A lot,A lot,5,1,6,4,3,2,Somewhat liberal,Democrat,1,2,3,4,NA,Strong Democrat,NA,9,95,2,1,Strongly Agree,Strongly Agree,Strongly Agree,2,1,3,Not very many,Stops political leaders from doing things that shouldn't be done,1,2,Tend to favor one side,1,2,Once in a while,Not at all accurate,Not at all accurate,Not at all accurate,Not at all accurate,Not at all accurate,Very accurate,Very accurate,Very accurate,7,6,3,2,1,8,4,5,A small problem,Yes,A moderate amount,6,Very likely,Very likely,Very likely,Very likely,Very likely,81,82,85,85,control,e1e8bc4dc48b997197c595f439c74ef0,1
2023-05-22T21:23:05Z,2023-05-22T21:35:48Z,IP Address,24.15.198.46,100,762,TRUE,2023-05-22T21:35:48Z,R_qvXedCOQzoOWWPL,NA,NA,514d0b7090c8106c6227cf7f49b197bc,NA,41.8095,-87.6522,anonymous,EN,Strongly Disagree,Strongly Agree,Strongly Agree,Strongly Disagree,1,3,4,2,Some,Some,Some,Some,A lot,Some,3,4,5,1,6,2,Very liberal,Democrat,1,2,3,4,NA,Strong Democrat,NA,67,86,2,1,2,Strongly Agree,-2,3,2,1,Quite a few,Stops political leaders from doing things that shouldn't be done,1,2,Tend to favor one side,1,2,Once in a while,Not very accurate,Not very accurate,Not very accurate,Not at all accurate,Not very accurate,Somewhat accurate,Not very accurate,Not very accurate,8,7,5,4,1,2,6,3,A very big problem,Yes,A great deal,6,6,Very likely,5,6,Very likely,49,88,58,84,control,514d0b7090c8106c6227cf7f49b197bc,1
2023-05-22T22:08:59Z,2023-05-22T22:12:51Z,IP Address,162.229.184.187,100,232,TRUE,2023-05-22T22:12:52Z,R_1HqkZpUo2HdgYUP,NA,NA,3db7f86b5988d1a6af224a14249052d2,NA,37.3177,-122.0438,anonymous,EN,0,2,2,-3,4,2,3,1,Not at all,Some,Some,Not at all,Not too much,Some,3,4,1,5,2,6,Very liberal,Independent,2,1,3,4,Closer to the Democratic Party,NA,NA,0,81,2,1,3,Strongly Agree,Strongly Agree,1,2,3,Quite a few,Stops political leaders from doing things that shouldn't be done,2,1,Tend to favor one side,1,2,About half of the time,NA,NA,Not at all accurate,Not at all accurate,NA,Very accurate,Very accurate,NA,2,7,4,3,8,6,1,5,A very big problem,Yes,A moderate amount,Very likely,Very likely,5,6,Very likely,Very likely,13,13,6,54,treatment,3db7f86b5988d1a6af224a14249052d2,1
2023-05-22T20:51:58Z,2023-05-22T22:23:23Z,IP Address,68.224.156.10,100,5484,TRUE,2023-05-22T22:23:24Z,R_2Pij9zKaJoKdW7r,NA,NA,b359a33b5627d457fe3f89e7b137a561,NA,36.1685,-115.1164,anonymous,EN,-2,Strongly Agree,2,Strongly Disagree,3,4,2,1,Some,A lot,Not too much,Not too much,Some,Some,2,3,6,1,5,4,Very liberal,Democrat,2,1,3,4,NA,Strong Democrat,NA,0,58,1,2,-3,2,-2,2,3,1,Quite a few,Stops political leaders from doing things that shouldn't be done,2,1,Tend to favor one side,2,1,Once in a while,NA,Not at all accurate,Not at all accurate,Not at all accurate,Not very accurate,Very accurate,Very accurate,Very accurate,3,5,2,7,1,4,8,6,A very big problem,Yes,A lot,4,5,Very likely,Very likely,5,6,15,48,73,39,treatment,b359a33b5627d457fe3f89e7b137a561,1
2023-05-22T22:24:02Z,2023-05-22T22:31:40Z,IP Address,66.67.44.222,100,458,TRUE,2023-05-22T22:31:41Z,R_31MGEtx21N7kWqE,NA,NA,66311c87556f8380c024602cd70c8961,NA,44.6292,-69.8092,anonymous,EN,1,Strongly Agree,2,1,4,1,3,2,Some,Not too much,Some,Some,A lot,Some,1,5,2,4,6,3,Very liberal,Democrat,1,2,3,4,NA,Strong Democrat,NA,0,82,1,2,3,3,Strongly Agree,2,3,1,Quite a few,Stops political leaders from doing things that shouldn't be done,2,1,Tend to favor one side,2,1,Once in a while,NA,Not at all accurate,Not at all accurate,Not at all accurate,NA,Very accurate,Very accurate,Very accurate,2,5,3,1,6,4,7,8,A very big problem,Yes,A moderate amount,Very likely,4,Very likely,Very likely,Very likely,Very likely,21,40,41,28,control,66311c87556f8380c024602cd70c8961,1
2023-05-22T22:20:01Z,2023-05-22T22:32:40Z,IP Address,108.221.42.40,100,758,TRUE,2023-05-22T22:32:41Z,R_2tfACQ035d8wz67,NA,NA,e86c99f429ec0f6f161031d89d64f966,NA,29.9177,-93.9244,anonymous,EN,-2,3,3,Strongly Disagree,3,2,4,1,Some,Some,Some,Some,Some,Some,6,1,4,5,3,2,"Moderate, middle of the road",Democrat,1,2,3,4,NA,Not very strong Democrat,NA,60,85,2,1,-2,0,-2,1,3,2,Not very many,Stops political leaders from doing things that shouldn't be done,2,1,Deal fairly with all sides,1,2,Once in a while,NA,Somewhat accurate,Not very accurate,NA,NA,NA,Very accurate,NA,1,4,3,7,8,2,6,5,A small problem,Yes,A moderate amount,6,6,5,5,6,4,76,83,78,76,treatment,e86c99f429ec0f6f161031d89d64f966,1
2023-05-22T23:04:18Z,2023-05-22T23:07:58Z,IP Address,155.94.217.17,100,220,TRUE,2023-05-22T23:07:59Z,R_31XAOyi4HxbcXbW,NA,NA,81dbd69774fec748a621cb2b1ca4148f,NA,33.7485,-84.3871,anonymous,EN,2,Strongly Agree,Strongly Agree,Strongly Disagree,4,2,3,1,A lot,A lot,A lot,A lot,A lot,A lot,5,4,3,6,1,2,Very conservative,Democrat,1,2,3,4,NA,Strong Democrat,NA,90,86,1,2,Strongly Agree,Strongly Agree,Strongly Agree,3,1,2,Not very many,Keeps political leaders from doing their job,1,2,Deal fairly with all sides,2,1,Once in a while,Somewhat accurate,Somewhat accurate,Very accurate,Somewhat accurate,Somewhat accurate,Somewhat accurate,Very accurate,NA,7,4,5,1,6,3,2,8,A moderately big problem,Yes,A great deal,4,Very likely,Very likely,Very likely,5,6,100,94,93,98,control,81dbd69774fec748a621cb2b1ca4148f,1
2023-05-22T23:05:21Z,2023-05-22T23:10:04Z,IP Address,107.185.219.187,100,282,TRUE,2023-05-22T23:10:04Z,R_3oyIjYSS7aub9To,NA,NA,e2b60c9b2d40060cd26530610b0c52a6,NA,34.1473,-118.8344,anonymous,EN,-1,1,1,1,1,3,2,4,Not at all,Not too much,Not at all,Not at all,Not at all,Not at all,5,4,2,1,3,6,Very conservative,Independent,1,2,3,4,Neither,NA,NA,30,4,2,1,Strongly Agree,Strongly Agree,Strongly Agree,1,2,3,Quite a few,Keeps political leaders from doing their job,2,1,Tend to favor one side,2,1,All the time,NA,NA,NA,NA,NA,NA,NA,NA,6,5,1,4,8,3,2,7,A very big problem,No,NA,Not at all likely,Not at all likely,Not at all likely,Not at all likely,Not at all likely,Not at all likely,11,9,13,11,treatment,e2b60c9b2d40060cd26530610b0c52a6,1
2023-05-22T21:12:19Z,2023-05-22T23:12:26Z,IP Address,104.181.159.5,100,7206,TRUE,2023-05-22T23:12:27Z,R_3nwIPbPye6jgYzf,NA,NA,504ecd7869b9d4a284c8eea94894a0d7,NA,30.4421,-97.6339,anonymous,EN,Strongly Disagree,Strongly Agree,3,Strongly Disagree,2,3,4,1,Some,Some,Some,Some,Some,Some,1,5,6,3,2,4,Slightly conservative,Democrat,2,1,3,4,NA,Strong Democrat,NA,22,80,1,2,2,1,-2,3,1,2,Not very many,Stops political leaders from doing things that shouldn't be done,2,1,Tend to favor one side,1,2,About half of the time,Not at all accurate,Not at all accurate,Not at all accurate,Not at all accurate,Not at all accurate,NA,Very accurate,Very accurate,7,3,6,2,4,8,1,5,A moderately big problem,Yes,A lot,Very likely,Very likely,Very likely,Very likely,Very likely,5,28,75,39,60,treatment,504ecd7869b9d4a284c8eea94894a0d7,1
2023-05-22T23:08:58Z,2023-05-22T23:14:16Z,IP Address,172.58.81.92,100,318,TRUE,2023-05-22T23:14:16Z,R_2dAArR475rnL8Cb,NA,NA,b77132acfdd54735f6d8b8dd78d84938,NA,45.0228,-93.3012,anonymous,EN,Strongly Disagree,Strongly Agree,Strongly Agree,3,3,1,4,2,Some,A lot,Some,Not at all,Some,Some,3,6,4,5,2,1,"Moderate, middle of the road",Democrat,2,1,3,4,NA,Not very strong Democrat,NA,30,55,1,2,2,2,3,2,3,1,Not very many,Stops political leaders from doing things that shouldn't be done,2,1,Tend to favor one side,1,2,Once in a while,Somewhat accurate,Somewhat accurate,Not at all accurate,Not very accurate,Not at all accurate,Very accurate,Very accurate,Somewhat accurate,1,4,3,2,7,8,6,5,A moderately big problem,Yes,A lot,6,6,6,Very likely,2,3,56,64,38,67,treatment,b77132acfdd54735f6d8b8dd78d84938,1
2023-05-22T23:13:04Z,2023-05-22T23:17:52Z,IP Address,135.180.100.166,100,287,TRUE,2023-05-22T23:17:52Z,R_3iIHvzcU9MbxOTF,NA,NA,004aeb4707fdea7c6bb74a64e664a8eb,NA,37.8637,-122.276,anonymous,EN,-3,3,0,-1,4,1,3,2,Some,Not too much,Some,Some,Some,Some,2,4,3,5,6,1,Very liberal,Democrat,1,2,3,4,NA,Strong Democrat,NA,11,55,1,2,1,2,-1,3,1,2,Quite a few,Stops political leaders from doing things that shouldn't be done,1,2,Tend to favor one side,2,1,Once in a while,NA,Not at all accurate,NA,Not at all accurate,NA,Very accurate,Very accurate,Somewhat accurate,3,5,6,4,7,2,8,1,A moderately big problem,Yes,A moderate amount,6,3,6,4,5,6,20,71,58,63,treatment,004aeb4707fdea7c6bb74a64e664a8eb,1
2023-05-22T23:21:42Z,2023-05-22T23:27:23Z,IP Address,68.206.247.43,100,340,TRUE,2023-05-22T23:27:24Z,R_3rNVhxVm7Oe0fVj,NA,NA,8215a8476aa66b11233058c7a0723c46,NA,31.7775,-106.4903,anonymous,EN,Strongly Disagree,Strongly Agree,Strongly Agree,Strongly Disagree,1,4,3,2,Some,Some,Some,Not too much,Some,Some,2,1,5,4,3,6,Very liberal,Independent,2,1,3,4,Closer to the Democratic Party,NA,NA,9,0,1,2,1,Strongly Agree,3,1,3,2,Quite a few,Stops political leaders from doing things that shouldn't be done,2,1,Tend to favor one side,1,2,Once in a while,NA,NA,Not very accurate,Not at all accurate,NA,Very accurate,Very accurate,Very accurate,4,7,1,5,6,3,8,2,A very big problem,No,NA,Very likely,Very likely,Very likely,Very likely,Very likely,Very likely,0,39,39,38,control,8215a8476aa66b11233058c7a0723c46,1
2023-05-22T23:39:56Z,2023-05-22T23:47:47Z,IP Address,208.67.98.158,100,471,TRUE,2023-05-22T23:47:49Z,R_339HtEHiFWWtA3x,NA,NA,d0202ca9e97f1997a3e76af3bcf22eaf,NA,33.3103,-96.7673,anonymous,EN,Strongly Disagree,3,Strongly Agree,-3,3,2,4,1,Not at all,Not too much,Some,Not at all,Not too much,Some,2,4,5,1,3,6,Very conservative,Republican,2,1,3,4,NA,NA,Strong Republican,96,0,1,2,Strongly Agree,Strongly Agree,3,3,2,1,Quite a few,Keeps political leaders from doing their job,2,1,Tend to favor one side,2,1,All the time,NA,Very accurate,NA,Not at all accurate,Very accurate,NA,Very accurate,Very accurate,2,4,7,1,3,6,8,5,A very big problem,No,NA,Very likely,6,Very likely,Very likely,3,Not at all likely,0,100,22,45,treatment,d0202ca9e97f1997a3e76af3bcf22eaf,1
2023-05-22T23:41:51Z,2023-05-22T23:48:37Z,IP Address,172.56.153.100,100,405,TRUE,2023-05-22T23:48:38Z,R_3oGZfi75kSZxaXg,NA,NA,3bb02394ee0ec7732bd9648ddc14d859,NA,45.4804,-122.5891,anonymous,EN,Strongly Disagree,Strongly Agree,2,-2,4,3,1,2,Some,Not at all,Some,Some,Some,Some,4,3,2,5,6,1,Very liberal,Independent,2,1,3,4,Closer to the Democratic Party,NA,NA,0,64,2,1,Strongly Agree,3,Strongly Agree,1,2,3,Quite a few,Stops political leaders from doing things that shouldn't be done,2,1,Tend to favor one side,1,2,Once in a while,Not at all accurate,Not at all accurate,Not at all accurate,Not at all accurate,Not at all accurate,Very accurate,Very accurate,Very accurate,6,3,1,4,7,5,8,2,A very big problem,Yes,A lot,Very likely,Very likely,Very likely,Very likely,Very likely,Very likely,0,65,6,8,control,3bb02394ee0ec7732bd9648ddc14d859,1
2023-05-22T23:41:23Z,2023-05-22T23:50:24Z,IP Address,24.170.242.90,100,540,TRUE,2023-05-22T23:50:24Z,R_3kil3YnszH7xbgd,NA,NA,ae5f5801796926bffd43b1bf6f904826,NA,39.6343,-77.7337,anonymous,EN,1,3,1,1,3,2,1,4,Some,Some,A lot,Some,Some,A lot,5,2,3,1,6,4,Somewhat liberal,Democrat,2,1,3,4,NA,Not very strong Democrat,NA,23,87,2,1,3,3,1,2,3,1,Quite a few,Keeps political leaders from doing their job,1,2,Tend to favor one side,1,2,About half of the time,NA,Not at all accurate,Not at all accurate,Not very accurate,Not very accurate,NA,Very accurate,Somewhat accurate,1,5,7,2,3,8,6,4,A moderately big problem,Yes,A moderate amount,5,2,5,4,3,Not at all likely,60,80,50,60,control,ae5f5801796926bffd43b1bf6f904826,1
2023-05-22T23:52:21Z,2023-05-23T00:16:52Z,IP Address,64.7.234.242,100,1471,TRUE,2023-05-23T00:16:53Z,R_3KVdlbZqvNLa55t,NA,NA,99585beec068ee5bd76909f42230a66a,NA,34.0599,-87.1803,anonymous,EN,Strongly Disagree,Strongly Agree,3,-1,2,3,1,4,Some,Some,A lot,Some,Some,Some,4,5,2,6,3,1,Somewhat liberal,Independent,2,1,3,4,Closer to the Democratic Party,NA,NA,24,75,2,1,-2,3,-2,2,3,1,Quite a few,Keeps political leaders from doing their job,1,2,Tend to favor one side,2,1,Once in a while,Somewhat accurate,Very accurate,Somewhat accurate,Not at all accurate,Not at all accurate,Somewhat accurate,Very accurate,NA,5,3,2,7,6,8,1,4,A very big problem,Yes,A lot,Very likely,4,6,Not at all likely,Very likely,4,40,60,78,9,control,99585beec068ee5bd76909f42230a66a,1
2023-05-23T00:12:42Z,2023-05-23T00:19:58Z,IP Address,207.5.23.16,100,435,TRUE,2023-05-23T00:19:58Z,R_3eajF5HeTGKbkpw,NA,NA,4c8f47bede1a141f58dd70f2647fb115,NA,40.7033,-74.0039,anonymous,EN,Strongly Disagree,Strongly Agree,Strongly Agree,Strongly Disagree,1,3,2,4,Not too much,A lot,Not too much,Some,Not too much,Not too much,1,6,4,2,3,5,"Moderate, middle of the road",Independent,2,1,3,4,Neither,NA,NA,50,50,1,2,-3,0,-2,1,2,3,Quite a few,Stops political leaders from doing things that shouldn't be done,2,1,Tend to favor one side,1,2,About half of the time,Not very accurate,Not very accurate,NA,Not at all accurate,NA,Very accurate,Very accurate,Not very accurate,2,6,7,5,8,4,3,1,A very big problem,Yes,A moderate amount,Very likely,Very likely,5,Very likely,Very likely,Very likely,80,90,55,51,control,4c8f47bede1a141f58dd70f2647fb115,1
2023-05-22T20:29:38Z,2023-05-23T00:45:51Z,IP Address,155.254.7.28,100,15372,TRUE,2023-05-23T00:45:52Z,R_1Cp7erCXozovyqX,NA,NA,20c2909830103c2e39f99edc00261125,NA,41.8797,-87.6435,anonymous,EN,Strongly Disagree,Strongly Agree,Strongly Agree,-2,4,2,1,3,Some,Not too much,A lot,Some,Some,A lot,3,1,6,5,4,2,Very liberal,Democrat,1,2,3,4,NA,Not very strong Democrat,NA,0,83,2,1,3,2,1,3,2,1,Quite a few,Stops political leaders from doing things that shouldn't be done,2,1,Deal fairly with all sides,2,1,Most of the time,Not at all accurate,NA,NA,Not at all accurate,NA,NA,Very accurate,NA,8,2,5,4,1,3,6,7,A very big problem,Yes,A great deal,6,6,5,Very likely,Very likely,Very likely,22,69,19,60,treatment,20c2909830103c2e39f99edc00261125,1
2023-05-23T01:18:58Z,2023-05-23T01:25:09Z,IP Address,76.166.154.108,100,370,TRUE,2023-05-23T01:25:09Z,R_AKEgZ6zZnI0xuud,NA,NA,350d8627dca87dbbe11c84ee101ecc27,NA,34.0544,-118.2441,anonymous,EN,Strongly Disagree,2,Strongly Agree,Strongly Disagree,3,2,1,4,Not at all,A lot,A lot,Not at all,Not at all,Some,2,4,3,1,5,6,"Moderate, middle of the road",Democrat,1,2,3,4,NA,Not very strong Democrat,NA,10,90,2,1,2,Strongly Agree,2,2,1,3,Quite a few,Stops political leaders from doing things that shouldn't be done,1,2,Deal fairly with all sides,1,2,Once in a while,NA,Not at all accurate,Not at all accurate,Not at all accurate,Very accurate,Very accurate,Very accurate,NA,7,3,1,2,6,5,8,4,A very big problem,Yes,A lot,Not at all likely,Very likely,Very likely,Very likely,Very likely,Not at all likely,0,80,0,0,treatment,350d8627dca87dbbe11c84ee101ecc27,1
2023-05-23T02:42:44Z,2023-05-23T02:48:24Z,IP Address,97.120.131.247,100,340,TRUE,2023-05-23T02:48:25Z,R_1CvD4ZQSGDPdT00,NA,NA,ca0b0801596a8d8c7665a1cf7d0fe657,NA,45.4804,-122.5891,anonymous,EN,Strongly Disagree,Strongly Agree,Strongly Agree,Strongly Disagree,1,2,3,4,Some,Not too much,Some,Some,Some,Some,3,5,6,1,4,2,Somewhat liberal,Democrat,1,2,3,4,NA,Strong Democrat,NA,0,70,2,1,3,Strongly Agree,3,3,2,1,Quite a few,Stops political leaders from doing things that shouldn't be done,2,1,Tend to favor one side,1,2,About half of the time,NA,Not at all accurate,NA,Not at all accurate,Not at all accurate,Very accurate,Very accurate,NA,2,5,7,6,1,3,4,8,A very big problem,Yes,Little,Very likely,Very likely,Very likely,Very likely,6,Very likely,0,3,23,13,control,ca0b0801596a8d8c7665a1cf7d0fe657,1
2023-05-23T03:16:04Z,2023-05-23T03:21:19Z,IP Address,107.77.232.117,100,315,TRUE,2023-05-23T03:21:20Z,R_22reM2hDHJaGu9O,NA,NA,b07324ce8b4af02e68304115b6cb4e8e,NA,33.7485,-84.3871,anonymous,EN,Strongly Agree,Strongly Agree,Strongly Agree,Strongly Disagree,1,4,2,3,Some,Some,Some,Some,Some,Some,4,6,3,5,1,2,"Moderate, middle of the road",Independent,1,2,3,4,Neither,NA,NA,50,45,1,2,Strongly Disagree,-2,-2,3,2,1,Quite a few,Stops political leaders from doing things that shouldn't be done,1,2,Tend to favor one side,2,1,Once in a while,Not at all accurate,Not at all accurate,Not at all accurate,Not at all accurate,Not at all accurate,Very accurate,Very accurate,Very accurate,6,1,7,2,4,5,3,8,A moderately big problem,Yes,A lot,Very likely,Very likely,Very likely,5,6,6,47,53,100,51,control,b07324ce8b4af02e68304115b6cb4e8e,1
2023-05-23T03:35:15Z,2023-05-23T03:47:49Z,IP Address,107.123.21.13,100,754,TRUE,2023-05-23T03:47:50Z,R_2xVqZ6M19fZ0GAa,NA,NA,0115f05381af88f0e431901aeeaf0799,NA,40.2708,-76.8564,anonymous,EN,-3,Strongly Agree,Strongly Agree,-1,4,3,1,2,A lot,A lot,A lot,Some,A lot,Not at all,6,3,4,1,5,2,Very liberal,Democrat,1,2,3,4,NA,Strong Democrat,NA,2,100,2,1,-3,-2,-2,3,2,1,Quite a few,Stops political leaders from doing things that shouldn't be done,1,2,Tend to favor one side,2,1,About half of the time,Not very accurate,Not very accurate,Not at all accurate,Not at all accurate,Very accurate,Somewhat accurate,Very accurate,Somewhat accurate,4,6,7,5,8,3,2,1,A very big problem,No,NA,Not at all likely,5,5,6,4,Not at all likely,54,57,43,33,control,0115f05381af88f0e431901aeeaf0799,1
2023-05-23T04:09:55Z,2023-05-23T04:15:05Z,IP Address,65.28.186.150,100,310,TRUE,2023-05-23T04:15:06Z,R_cTk0JNHutlT9n9L,NA,NA,44cdafcba52678d49a2fd3387a06eeba,NA,43.0648,-88.0945,anonymous,EN,-3,3,3,Strongly Disagree,4,2,3,1,Some,A lot,A lot,Not too much,Some,Some,1,6,4,5,3,2,Very liberal,Democrat,1,2,3,4,NA,Strong Democrat,NA,7,93,1,2,1,2,2,3,1,2,Quite a few,Keeps political leaders from doing their job,2,1,Tend to favor one side,1,2,Once in a while,NA,Very accurate,Not at all accurate,Not at all accurate,Not at all accurate,Very accurate,Very accurate,Somewhat accurate,6,4,1,8,3,5,7,2,A very big problem,Yes,A lot,6,5,6,6,4,5,58,67,58,32,treatment,44cdafcba52678d49a2fd3387a06eeba,1
2023-05-23T04:53:39Z,2023-05-23T04:59:07Z,IP Address,47.185.192.130,100,327,TRUE,2023-05-23T04:59:07Z,R_3ITcLoREz978pl2,NA,NA,114837c50a088c229eff5df9f19021cb,NA,33.0287,-96.6826,anonymous,EN,Strongly Disagree,Strongly Agree,Strongly Agree,Strongly Disagree,4,2,3,1,Some,Not too much,Not too much,Not too much,Some,Some,4,6,5,2,1,3,Somewhat liberal,Democrat,2,1,3,4,NA,Strong Democrat,NA,0,80,2,1,2,Strongly Agree,3,1,3,2,Quite a few,Stops political leaders from doing things that shouldn't be done,2,1,Tend to favor one side,1,2,Once in a while,Not at all accurate,Not at all accurate,Not at all accurate,Not at all accurate,Not at all accurate,Very accurate,Very accurate,Very accurate,7,3,5,2,6,8,1,4,A very big problem,Yes,A moderate amount,Very likely,5,6,5,4,4,25,40,20,20,control,114837c50a088c229eff5df9f19021cb,1
2023-05-23T05:29:20Z,2023-05-23T05:49:34Z,IP Address,97.98.84.202,100,1214,TRUE,2023-05-23T05:49:35Z,R_10GZY0qXNHiGBZk,NA,NA,0c11e5f21ea274bfebf618db034f06d9,NA,27.8011,-97.3994,anonymous,EN,-3,2,3,-3,2,1,3,4,Some,Not too much,Some,Not too much,A lot,Some,4,6,2,5,3,1,Somewhat conservative,Republican,1,2,3,4,NA,NA,Not very strong Republican,76,26,2,1,3,3,Strongly Agree,2,1,3,Not very many,Stops political leaders from doing things that shouldn't be done,2,1,Tend to favor one side,2,1,Once in a while,NA,Not very accurate,NA,NA,NA,NA,Very accurate,Not at all accurate,1,3,6,4,5,2,7,8,A moderately big problem,No,NA,Very likely,4,Very likely,Very likely,3,2,26,57,2,30,treatment,0c11e5f21ea274bfebf618db034f06d9,1
2023-05-23T06:27:26Z,2023-05-23T06:44:03Z,IP Address,71.190.136.188,100,997,TRUE,2023-05-23T06:44:05Z,R_AgFpr4FV1V0EWlz,NA,NA,a40eeab4bc457810fd368a5e00b8af67,NA,40.9039,-73.837,anonymous,EN,Strongly Disagree,Strongly Agree,Strongly Agree,Strongly Disagree,3,4,2,1,Not at all,Some,Some,Some,Not at all,Not at all,3,1,2,5,4,6,Very liberal,Independent,1,2,3,4,Closer to the Democratic Party,NA,NA,0,5,1,2,2,Strongly Agree,Strongly Agree,2,1,3,Quite a few,Stops political leaders from doing things that shouldn't be done,2,1,Tend to favor one side,1,2,Most of the time,Very accurate,Very accurate,Not at all accurate,Not at all accurate,NA,Very accurate,Very accurate,Very accurate,7,2,8,3,5,4,1,6,A very big problem,Yes,Little,Very likely,5,Very likely,Very likely,4,4,20,55,25,70,treatment,a40eeab4bc457810fd368a5e00b8af67,1
2023-05-23T07:13:56Z,2023-05-23T07:33:28Z,IP Address,73.217.113.16,100,1171,TRUE,2023-05-23T07:33:30Z,R_vAGdOzj4UHvMcOB,NA,NA,63ab78cc9097703500e64697b90ee823,NA,39.872,-105.0405,anonymous,EN,Strongly Disagree,Strongly Agree,Strongly Agree,-3,4,2,3,1,Not too much,Not too much,Not too much,Not too much,Not too much,Not too much,1,4,2,3,6,5,"Moderate, middle of the road",Something else,2,1,3,4,Neither,NA,NA,0,1,2,1,3,3,2,1,3,2,Quite a few,Stops political leaders from doing things that shouldn't be done,1,2,Tend to favor one side,1,2,Most of the time,Somewhat accurate,Somewhat accurate,Not very accurate,NA,Not at all accurate,Very accurate,Very accurate,Very accurate,6,3,5,7,8,1,2,4,A very big problem,Yes,Little,Very likely,4,Very likely,5,5,3,0,13,10,4,treatment,63ab78cc9097703500e64697b90ee823,1
2023-05-23T08:40:35Z,2023-05-23T08:45:30Z,IP Address,107.185.58.217,100,295,TRUE,2023-05-23T08:45:31Z,R_AdqSCNRNoL4IfnP,NA,NA,f8f0c8d7e279159e86b01e37223a4088,NA,34.2862,-119.2264,anonymous,EN,-2,Strongly Agree,3,1,4,2,3,1,Some,Some,Some,Some,Some,Some,2,1,6,3,4,5,Very liberal,Democrat,1,2,3,4,NA,Strong Democrat,NA,8,76,1,2,-1,1,-1,2,3,1,Not very many,Stops political leaders from doing things that shouldn't be done,1,2,Tend to favor one side,2,1,Once in a while,Not very accurate,Very accurate,Not at all accurate,Not very accurate,Not at all accurate,Very accurate,Very accurate,Somewhat accurate,3,6,2,1,8,7,4,5,A very big problem,Yes,A lot,Very likely,Very likely,Very likely,Very likely,Very likely,Very likely,63,63,66,73,control,f8f0c8d7e279159e86b01e37223a4088,1
2023-05-23T09:17:11Z,2023-05-23T09:37:54Z,IP Address,70.106.244.200,100,1243,TRUE,2023-05-23T09:37:56Z,R_xF5OuqyZdsP67K1,NA,NA,88bc7cbecd88492462cc6847027be912,NA,39.0127,-77.5342,anonymous,EN,-1,Strongly Agree,Strongly Agree,-3,2,4,1,3,Not too much,A lot,A lot,Not at all,Not too much,Some,1,4,6,5,3,2,Very liberal,Democrat,1,2,3,4,NA,Strong Democrat,NA,10,85,2,1,1,Strongly Agree,2,1,2,3,NA,Stops political leaders from doing things that shouldn't be done,2,1,Tend to favor one side,1,2,Once in a while,Not very accurate,Not very accurate,Not at all accurate,Not at all accurate,Somewhat accurate,Somewhat accurate,Very accurate,Very accurate,7,1,3,8,2,4,6,5,A very big problem,Yes,A moderate amount,Very likely,4,6,5,4,4,20,60,50,75,treatment,88bc7cbecd88492462cc6847027be912,1
2023-05-23T10:09:04Z,2023-05-23T10:10:32Z,IP Address,173.218.56.35,100,87,TRUE,2023-05-23T10:10:32Z,R_A04gp5QSmyqeqI1,NA,NA,7256d02710c8a8e59efc2a07ed46d99b,NA,36.6694,-93.2449,anonymous,EN,Strongly Agree,Strongly Agree,Strongly Agree,Strongly Agree,4,2,1,3,A lot,A lot,A lot,A lot,A lot,A lot,4,3,5,1,2,6,Very liberal,Republican,1,2,3,4,NA,NA,Strong Republican,99,100,1,2,Strongly Agree,Strongly Agree,Strongly Agree,3,1,2,Quite a few,Keeps political leaders from doing their job,1,2,Deal fairly with all sides,1,2,All the time,Very accurate,Very accurate,Very accurate,Very accurate,Very accurate,Very accurate,Very accurate,Very accurate,1,7,2,4,8,5,3,6,A small problem,Yes,A great deal,Very likely,Very likely,Very likely,Very likely,Very likely,Very likely,98,98,98,98,control,7256d02710c8a8e59efc2a07ed46d99b,1
2023-05-23T11:14:37Z,2023-05-23T11:17:38Z,IP Address,71.132.69.52,100,181,TRUE,2023-05-23T11:17:39Z,R_3iUYskBbcLIvsew,NA,NA,f7a8234bb05afb03ec5b99e76f71287e,NA,35.6211,-97.4757,anonymous,EN,1,3,3,1,1,2,4,3,Not at all,A lot,Some,Not at all,Some,Not too much,1,3,4,6,5,2,Somewhat liberal,Independent,1,2,3,4,Closer to the Democratic Party,NA,NA,22,73,1,2,1,3,2,3,2,1,Quite a few,Stops political leaders from doing things that shouldn't be done,2,1,Tend to favor one side,2,1,Once in a while,Not at all accurate,Not at all accurate,Not at all accurate,Not at all accurate,NA,NA,Very accurate,Somewhat accurate,1,8,3,7,2,6,5,4,A moderately big problem,Yes,A moderate amount,5,6,6,6,6,6,23,74,42,80,treatment,f7a8234bb05afb03ec5b99e76f71287e,1
2023-05-23T11:45:48Z,2023-05-23T11:49:28Z,IP Address,184.183.243.11,100,219,TRUE,2023-05-23T11:49:28Z,R_1ps8i1BrxUyYbDh,NA,NA,44302bad7b8134bff091feebf92dc47d,NA,41.6925,-71.5705,anonymous,EN,Strongly Disagree,Strongly Agree,Strongly Agree,Strongly Disagree,1,4,3,2,Some,Not too much,Some,Not too much,Some,Not too much,3,2,1,5,4,6,Slightly conservative,Independent,1,2,3,4,Closer to the Republican Party,NA,NA,44,42,2,1,1,1,0,1,3,2,Quite a few,Stops political leaders from doing things that shouldn't be done,1,2,Tend to favor one side,1,2,Once in a while,Not at all accurate,Not very accurate,NA,Not very accurate,Somewhat accurate,Very accurate,Very accurate,Not very accurate,1,8,6,4,7,5,2,3,A very big problem,Yes,A moderate amount,Very likely,Very likely,5,5,5,3,34,66,68,70,treatment,44302bad7b8134bff091feebf92dc47d,1
2023-05-23T12:19:21Z,2023-05-23T12:24:12Z,IP Address,38.132.123.59,100,290,TRUE,2023-05-23T12:24:12Z,R_Rh5BfSFqfglQLT3,NA,NA,b7dee4f000455932bdfd6b29abf0bb4b,NA,39.7356,-75.5516,anonymous,EN,Strongly Disagree,Strongly Agree,Strongly Agree,Strongly Disagree,4,2,3,1,A lot,Some,A lot,A lot,A lot,A lot,3,4,5,2,6,1,Very liberal,Democrat,1,2,3,4,NA,Strong Democrat,NA,49,100,2,1,-1,Strongly Agree,Strongly Agree,1,3,2,Quite a few,Keeps political leaders from doing their job,1,2,Tend to favor one side,2,1,All the time,Somewhat accurate,Very accurate,Very accurate,Somewhat accurate,Somewhat accurate,Somewhat accurate,Very accurate,Very accurate,5,2,1,4,6,8,3,7,A small problem,Yes,A lot,Very likely,Very likely,Very likely,Very likely,Very likely,Very likely,84,98,68,70,treatment,b7dee4f000455932bdfd6b29abf0bb4b,1
2023-05-23T13:08:05Z,2023-05-23T13:12:26Z,IP Address,64.127.132.107,100,260,TRUE,2023-05-23T13:12:27Z,R_XgZTz95mtmnIPpn,NA,NA,43e82ce8b185bc61ca7742319e8c0b38,NA,34.953,-91.8989,anonymous,EN,-3,3,Strongly Agree,-2,4,3,2,1,Some,Not too much,Some,Some,Some,Some,3,6,1,5,4,2,Somewhat conservative,Republican,2,1,3,4,NA,NA,Not very strong Republican,87,18,2,1,3,3,0,1,2,3,Quite a few,Stops political leaders from doing things that shouldn't be done,2,1,Tend to favor one side,2,1,Once in a while,Somewhat accurate,Somewhat accurate,Very accurate,Not very accurate,Not very accurate,Not very accurate,Very accurate,NA,8,6,5,2,1,7,3,4,A moderately big problem,Yes,A moderate amount,Very likely,Very likely,Very likely,5,Very likely,6,29,61,21,61,control,43e82ce8b185bc61ca7742319e8c0b38,1
2023-05-23T13:25:33Z,2023-05-23T13:29:59Z,IP Address,75.74.29.231,100,266,TRUE,2023-05-23T13:30:00Z,R_1jkednOTpkVQRJw,NA,NA,13a043e41ca1b6594dc341578e53af57,NA,25.8696,-80.3073,anonymous,EN,Strongly Disagree,Strongly Agree,3,Strongly Disagree,1,4,2,3,Not too much,Not too much,Some,Not too much,Not too much,Not too much,1,4,2,3,5,6,"Moderate, middle of the road",Republican,2,1,3,4,NA,NA,Not very strong Republican,70,21,1,2,-1,1,-1,1,3,2,Not very many,Stops political leaders from doing things that shouldn't be done,1,2,Tend to favor one side,2,1,Once in a while,Not very accurate,Somewhat accurate,Somewhat accurate,Not at all accurate,Somewhat accurate,Not very accurate,Very accurate,Very accurate,5,6,3,4,8,2,7,1,A moderately big problem,Yes,A moderate amount,5,Very likely,5,4,5,3,25,80,62,43,control,13a043e41ca1b6594dc341578e53af57,1
2023-05-23T14:59:44Z,2023-05-23T15:16:16Z,IP Address,96.38.125.92,100,992,TRUE,2023-05-23T15:16:17Z,R_3NwGFf2LcHiACIt,NA,NA,1e59f41f5e4fd0ce2413511718a5f387,NA,35.958,-83.9172,anonymous,EN,-3,3,3,-3,4,1,2,3,Some,Some,Some,Some,Some,Some,4,1,5,6,3,2,Very liberal,Democrat,1,2,3,4,NA,Strong Democrat,NA,0,100,2,1,0,1,-2,2,3,1,Not very many,Stops political leaders from doing things that shouldn't be done,2,1,Tend to favor one side,1,2,Once in a while,Not at all accurate,Not at all accurate,Not at all accurate,Not at all accurate,Not at all accurate,NA,Very accurate,Very accurate,5,2,6,3,7,4,1,8,A small problem,Yes,A moderate amount,Very likely,6,6,4,5,4,81,79,69,71,control,1e59f41f5e4fd0ce2413511718a5f387,1
2023-05-23T15:10:20Z,2023-05-23T15:17:06Z,IP Address,181.215.182.114,100,406,TRUE,2023-05-23T15:17:07Z,R_3D6gL7OMaxuqYwQ,NA,NA,dd0169c65ef0ce426ece760c0f289a78,NA,32.7797,-96.8022,anonymous,EN,Strongly Disagree,Strongly Agree,Strongly Agree,Strongly Disagree,3,2,1,4,Some,A lot,A lot,A lot,A lot,A lot,3,6,4,5,1,2,Very liberal,Democrat,2,1,3,4,NA,Strong Democrat,NA,29,93,1,2,Strongly Agree,Strongly Agree,Strongly Agree,2,3,1,Quite a few,Stops political leaders from doing things that shouldn't be done,2,1,Deal fairly with all sides,1,2,Most of the time,Somewhat accurate,Somewhat accurate,Somewhat accurate,Not at all accurate,Somewhat accurate,Somewhat accurate,Very accurate,Somewhat accurate,7,5,4,1,8,3,2,6,A very big problem,Yes,A lot,Very likely,Very likely,Very likely,Very likely,Very likely,Very likely,64,85,70,69,treatment,dd0169c65ef0ce426ece760c0f289a78,1
2023-05-23T15:22:23Z,2023-05-23T15:28:22Z,IP Address,50.86.52.19,100,359,TRUE,2023-05-23T15:28:23Z,R_2Qf9UyCeM8NMNZW,NA,NA,0ae2774ca1b539946f03be9d6745a9a0,NA,32.3553,-90.2171,anonymous,EN,2,Strongly Agree,Strongly Agree,-1,1,3,2,4,Some,Some,Some,Some,Some,Some,6,1,5,4,2,3,"Moderate, middle of the road",Something else,1,2,3,4,Neither,NA,NA,50,51,1,2,1,2,1,1,2,3,Quite a few,Stops political leaders from doing things that shouldn't be done,1,2,Deal fairly with all sides,2,1,Most of the time,NA,NA,NA,Not at all accurate,NA,NA,NA,NA,8,6,5,2,4,3,7,1,A moderately big problem,Yes,A moderate amount,5,5,5,5,5,5,75,76,77,81,control,0ae2774ca1b539946f03be9d6745a9a0,1
2023-05-23T15:27:01Z,2023-05-23T15:34:39Z,IP Address,134.174.140.32,100,458,TRUE,2023-05-23T15:34:41Z,R_1pohQqSa5jujEC6,NA,NA,7864bdf16f931abb5bb2a6960aa51502,NA,42.3427,-71.0922,anonymous,EN,0,3,2,0,3,4,2,1,Some,Some,Some,Some,Some,Some,5,4,6,1,2,3,Somewhat liberal,Independent,1,2,3,4,Closer to the Democratic Party,NA,NA,0,50,1,2,1,Strongly Agree,1,1,3,2,Quite a few,Stops political leaders from doing things that shouldn't be done,2,1,Tend to favor one side,1,2,Once in a while,NA,Not at all accurate,NA,Not at all accurate,NA,NA,Very accurate,NA,4,5,2,1,6,7,8,3,A very big problem,Yes,Little,2,5,5,Very likely,4,3,30,30,30,30,treatment,7864bdf16f931abb5bb2a6960aa51502,1
2023-05-23T15:38:16Z,2023-05-23T15:49:50Z,IP Address,102.89.40.62,100,693,TRUE,2023-05-23T15:49:51Z,R_26nnoGjGGnOpZ1O,NA,NA,c3c0b29de0e36f56d10dc2c7ac2f460d,NA,6.4474,3.3903,anonymous,EN,Strongly Agree,Strongly Agree,Strongly Agree,Strongly Agree,2,4,1,3,A lot,Not too much,Some,A lot,Some,A lot,3,5,2,4,6,1,"Moderate, middle of the road",Independent,2,1,3,4,Closer to the Republican Party,NA,NA,80,65,1,2,0,0,-2,1,3,2,Hardly any,Stops political leaders from doing things that shouldn't be done,2,1,Deal fairly with all sides,1,2,Most of the time,Very accurate,Somewhat accurate,Somewhat accurate,Very accurate,Very accurate,Somewhat accurate,Very accurate,Very accurate,6,5,2,4,1,3,8,7,A moderately big problem,Yes,A lot,4,Very likely,Very likely,Not at all likely,5,4,83,100,79,92,control,c3c0b29de0e36f56d10dc2c7ac2f460d,1
2023-05-23T15:32:46Z,2023-05-23T16:11:28Z,IP Address,173.75.52.68,100,2322,TRUE,2023-05-23T16:11:30Z,R_3mgXLB4rQw3DQzT,NA,NA,1a3e34ab2d00e92b0cc6f5624ff0a63e,NA,40.3926,-79.9052,anonymous,EN,3,Strongly Agree,Strongly Agree,-1,2,1,3,4,A lot,Some,A lot,Some,A lot,A lot,4,3,1,2,5,6,Slightly conservative,Democrat,1,2,3,4,NA,Not very strong Democrat,NA,30,70,1,2,3,1,0,1,2,3,Quite a few,Stops political leaders from doing things that shouldn't be done,1,2,Tend to favor one side,1,2,About half of the time,Not very accurate,Not very accurate,Not very accurate,Not very accurate,Not at all accurate,Very accurate,Very accurate,Somewhat accurate,7,1,3,4,5,8,6,2,A moderately big problem,Yes,A lot,4,5,4,5,6,4,86,71,60,60,treatment,1a3e34ab2d00e92b0cc6f5624ff0a63e,1
2023-05-23T16:16:06Z,2023-05-23T16:20:16Z,IP Address,216.196.160.201,100,249,TRUE,2023-05-23T16:20:16Z,R_1DG2p2zJwki3v8G,NA,NA,6a9462845151b796840880c287a1345a,NA,39.1256,-84.5127,anonymous,EN,-2,Strongly Agree,Strongly Agree,Strongly Disagree,2,4,1,3,Some,Some,Some,A lot,A lot,Some,4,6,5,3,2,1,Very liberal,Democrat,2,1,3,4,NA,Strong Democrat,NA,0,100,1,2,0,0,Strongly Agree,3,2,1,Not very many,Stops political leaders from doing things that shouldn't be done,2,1,Deal fairly with all sides,2,1,About half of the time,Not at all accurate,Not at all accurate,NA,Not at all accurate,Not at all accurate,Very accurate,Very accurate,Somewhat accurate,1,7,2,6,8,4,5,3,A small problem,Yes,None,4,4,3,4,5,4,87,57,69,78,treatment,6a9462845151b796840880c287a1345a,1
2023-05-23T16:59:36Z,2023-05-23T17:04:17Z,IP Address,72.50.201.116,100,280,TRUE,2023-05-23T17:04:17Z,R_SNPI8PITIlNW2OZ,NA,NA,eea5645277531b46a2d6fe3fbdcf218a,NA,44.9834,-93.262200000000007,anonymous,EN,-2,Strongly Agree,Strongly Agree,-2,2,3,1,4,A lot,Some,Some,Not at all,Some,A lot,5,6,4,3,2,1,Somewhat liberal,Democrat,2,1,3,4,NA,Strong Democrat,NA,0,71,1,2,Strongly Agree,Strongly Agree,1,2,3,1,Not very many,Stops political leaders from doing things that shouldn't be done,1,2,Tend to favor one side,1,2,Never,NA,Not very accurate,Not at all accurate,Not at all accurate,Not at all accurate,Very accurate,Very accurate,Very accurate,7,5,6,2,3,8,4,1,A very big problem,Yes,A lot,Very likely,Very likely,Very likely,5,5,6,10,75,0,0,treatment,eea5645277531b46a2d6fe3fbdcf218a,1
2023-05-23T17:01:33Z,2023-05-23T17:11:10Z,IP Address,76.174.101.51,100,576,TRUE,2023-05-23T17:11:10Z,R_3HpONXZsVe4M2WO,NA,NA,92c737300eaeb93b4841768841c17546,NA,33.919,-117.2359,anonymous,EN,Strongly Disagree,Strongly Agree,Strongly Agree,Strongly Disagree,3,4,1,2,Some,A lot,Some,Some,Some,Some,2,4,1,6,3,5,Slightly conservative,Independent,2,1,3,4,Closer to the Republican Party,NA,NA,60,0,1,2,Strongly Disagree,Strongly Disagree,Strongly Disagree,2,1,3,Quite a few,Stops political leaders from doing things that shouldn't be done,1,2,Tend to favor one side,1,2,Once in a while,NA,Very accurate,Very accurate,Very accurate,Very accurate,Very accurate,Not at all accurate,NA,1,2,7,6,5,8,4,3,A very big problem,Yes,Little,Very likely,Very likely,Very likely,Very likely,Very likely,Very likely,90,90,100,80,treatment,92c737300eaeb93b4841768841c17546,1
2023-05-23T17:11:51Z,2023-05-23T17:14:09Z,IP Address,98.36.162.223,100,137,TRUE,2023-05-23T17:14:09Z,R_8ByVZPZx5ph0Jtn,NA,NA,6e38113250e90c5b1e08ab25f30f16a7,NA,36.7851,-119.825,anonymous,EN,1,0,-2,3,3,2,1,4,Not at all,Not too much,Not at all,Some,Some,Some,1,3,6,2,4,5,"Moderate, middle of the road",Democrat,1,2,3,4,NA,Not very strong Democrat,NA,69,35,1,2,1,-1,0,1,2,3,Not very many,Stops political leaders from doing things that shouldn't be done,1,2,Deal fairly with all sides,2,1,Most of the time,Very accurate,Somewhat accurate,Somewhat accurate,Not very accurate,Somewhat accurate,Very accurate,Not at all accurate,Somewhat accurate,1,2,3,8,6,7,4,5,A moderately big problem,No,NA,5,3,5,2,4,4,80,40,68,73,treatment,6e38113250e90c5b1e08ab25f30f16a7,1
2023-05-23T17:27:28Z,2023-05-23T17:37:08Z,IP Address,184.189.26.10,100,580,TRUE,2023-05-23T17:37:09Z,R_06xAzqxBv8p396N,NA,NA,3424825b969e98c52b0c054479f759fd,NA,36.8558,-76.0042,anonymous,EN,-3,3,Strongly Agree,Strongly Disagree,1,4,3,2,A lot,A lot,Some,A lot,Some,A lot,2,1,3,4,5,6,Very conservative,Democrat,2,1,3,4,NA,Strong Democrat,NA,100,100,2,1,-1,2,2,1,2,3,Quite a few,Keeps political leaders from doing their job,2,1,Tend to favor one side,2,1,Never,Somewhat accurate,Not very accurate,Somewhat accurate,Not at all accurate,Somewhat accurate,Somewhat accurate,Very accurate,Somewhat accurate,6,3,5,2,4,8,7,1,A very big problem,Yes,A lot,Very likely,Very likely,6,Very likely,4,Not at all likely,72,100,89,94,treatment,3424825b969e98c52b0c054479f759fd,1
2023-05-23T18:06:12Z,2023-05-23T18:13:04Z,IP Address,71.13.221.209,100,412,TRUE,2023-05-23T18:13:05Z,R_yO5hPA4nHpSsISt,NA,NA,b29f34fca4b287e30aaf9a85b094b436,NA,42.5106,-89.0351,anonymous,EN,Strongly Disagree,Strongly Agree,Strongly Agree,Strongly Disagree,2,1,4,3,Some,Some,Not too much,Some,Some,Not too much,4,6,2,1,5,3,Slightly liberal,Democrat,1,2,3,4,NA,Not very strong Democrat,NA,72,88,2,1,2,3,1,2,1,3,Quite a few,Stops political leaders from doing things that shouldn't be done,2,1,Tend to favor one side,1,2,About half of the time,NA,NA,NA,NA,NA,NA,NA,NA,6,1,5,7,4,2,8,3,A very big problem,Yes,Little,Very likely,Very likely,4,Very likely,Very likely,Very likely,51,51,51,52,control,b29f34fca4b287e30aaf9a85b094b436,1
2023-05-23T18:25:23Z,2023-05-23T18:30:36Z,IP Address,172.220.226.244,100,312,TRUE,2023-05-23T18:30:37Z,R_Bz9m1llY7imK8Vz,NA,NA,b7a42bf9a725b73540dee18f5e24e8e3,NA,35.5831,-78.7881,anonymous,EN,-1,Strongly Agree,1,-2,1,2,4,3,Not too much,Not too much,Not too much,Not too much,Not too much,Some,3,2,4,6,1,5,Very liberal,Independent,2,1,3,4,Closer to the Democratic Party,NA,NA,13,71,1,2,3,1,1,1,2,3,Quite a few,Stops political leaders from doing things that shouldn't be done,1,2,Tend to favor one side,1,2,Never,NA,Not at all accurate,Not at all accurate,Not at all accurate,Not very accurate,Very accurate,Very accurate,Very accurate,7,3,8,1,2,5,6,4,A very big problem,Yes,A moderate amount,Very likely,4,Very likely,Not at all likely,2,4,28,38,4,69,control,b7a42bf9a725b73540dee18f5e24e8e3,1
2023-05-23T18:40:42Z,2023-05-23T18:45:51Z,IP Address,99.26.186.28,100,309,TRUE,2023-05-23T18:45:53Z,R_1CvA2qJ6jBSwHJW,NA,NA,db50dad47bd0b775b0b1ad7199f729ed,NA,29.8331,-95.7498,anonymous,EN,-1,2,3,-2,1,3,4,2,Not at all,A lot,A lot,Not too much,Some,Some,5,6,4,1,2,3,Slightly liberal,Democrat,1,2,3,4,NA,Not very strong Democrat,NA,23,66,1,2,2,-1,-1,1,3,2,Not very many,Stops political leaders from doing things that shouldn't be done,2,1,Tend to favor one side,2,1,About half of the time,NA,Somewhat accurate,Somewhat accurate,Not at all accurate,Very accurate,Not very accurate,Very accurate,NA,5,7,1,6,4,3,8,2,A moderately big problem,Yes,A moderate amount,5,6,4,3,5,3,28,74,29,56,control,db50dad47bd0b775b0b1ad7199f729ed,1
2023-05-23T17:01:52Z,2023-05-23T20:23:11Z,IP Address,172.59.105.225,100,12078,TRUE,2023-05-23T20:23:12Z,R_1pQGAIDqdfpX7Vo,NA,NA,17233b52fb1416b09434999931237cb2,NA,29.9734,-90.0885,anonymous,EN,Strongly Disagree,Strongly Agree,Strongly Agree,-3,1,4,3,2,Some,Not too much,Some,Some,Some,Some,6,5,2,4,3,1,Slightly conservative,Republican,2,1,3,4,NA,NA,Not very strong Republican,65,51,1,2,0,1,0,1,3,2,Not very many,Stops political leaders from doing things that shouldn't be done,2,1,Tend to favor one side,1,2,Once in a while,Somewhat accurate,Somewhat accurate,Not very accurate,Not at all accurate,NA,Very accurate,Very accurate,Very accurate,2,5,8,4,1,7,6,3,A moderately big problem,Yes,A moderate amount,Very likely,Very likely,5,Very likely,Very likely,Very likely,53,76,52,78,control,17233b52fb1416b09434999931237cb2,1
2023-05-23T20:31:51Z,2023-05-23T20:36:53Z,IP Address,98.20.188.158,100,302,TRUE,2023-05-23T20:36:54Z,R_2w01cfq6usGgNTe,NA,NA,0ac913cbabd575f902d2bbe585d372a8,NA,29.8378,-82.6129,anonymous,EN,Strongly Disagree,Strongly Agree,Strongly Agree,Strongly Disagree,1,3,4,2,A lot,A lot,A lot,A lot,A lot,A lot,6,4,2,3,1,5,Very conservative,Republican,2,1,3,4,NA,NA,Strong Republican,100,46,1,2,Strongly Agree,Strongly Agree,3,3,1,2,Quite a few,Keeps political leaders from doing their job,1,2,Tend to favor one side,1,2,Most of the time,NA,Very accurate,Very accurate,NA,Very accurate,NA,Very accurate,NA,7,1,4,5,2,6,3,8,A very big problem,Yes,A great deal,Very likely,Very likely,Very likely,Very likely,Very likely,Very likely,100,100,100,100,treatment,0ac913cbabd575f902d2bbe585d372a8,1
2023-05-23T22:37:42Z,2023-05-23T22:59:12Z,IP Address,172.58.137.207,100,1290,TRUE,2023-05-23T22:59:13Z,R_Y5GkwrGW15FlJ5f,NA,NA,d1b98197cf83c6c07d1931835e7e1257,NA,37.751,-97.822,anonymous,EN,Strongly Disagree,Strongly Agree,Strongly Agree,Strongly Disagree,1,4,3,2,Some,Not too much,Some,Some,Some,Some,2,3,4,5,6,1,"Moderate, middle of the road",Democrat,2,1,3,4,NA,Not very strong Democrat,NA,18,56,1,2,1,2,2,1,2,3,Quite a few,Stops political leaders from doing things that shouldn't be done,1,2,Tend to favor one side,1,2,Once in a while,NA,Not very accurate,Not at all accurate,Not at all accurate,Not at all accurate,Somewhat accurate,Very accurate,NA,7,4,2,8,6,1,3,5,A very big problem,Yes,A lot,Very likely,2,Very likely,6,6,Very likely,44,61,39,51,control,d1b98197cf83c6c07d1931835e7e1257,1
2023-05-23T23:34:30Z,2023-05-23T23:39:44Z,IP Address,23.241.215.178,100,314,TRUE,2023-05-23T23:39:45Z,R_2EiqoLUwZliAA6A,NA,NA,90fc3b6b23a7b9205bcff4a60ecebc00,NA,33.8259,-118.2956,anonymous,EN,Strongly Disagree,Strongly Agree,Strongly Agree,Strongly Disagree,2,1,3,4,Some,Some,Some,Some,Some,Some,4,5,3,1,2,6,Very liberal,Republican,1,2,3,4,NA,NA,Strong Republican,100,0,2,1,Strongly Disagree,Strongly Agree,Strongly Disagree,2,1,3,Quite a few,Stops political leaders from doing things that shouldn't be done,1,2,Tend to favor one side,1,2,All the time,Not very accurate,Not very accurate,Not very accurate,Not at all accurate,Not very accurate,Not very accurate,Very accurate,Somewhat accurate,4,7,3,8,6,2,1,5,A very big problem,Yes,A great deal,Very likely,Very likely,Very likely,Very likely,Very likely,Very likely,51,53,52,52,treatment,90fc3b6b23a7b9205bcff4a60ecebc00,1
2023-05-24T00:45:15Z,2023-05-24T00:49:21Z,IP Address,68.174.155.197,100,246,TRUE,2023-05-24T00:49:22Z,R_3lY8MQe0LyTmgwR,NA,NA,f630a4981c0afef135dc6296b3c5aa63,NA,40.7503,-74.0014,anonymous,EN,0,3,3,0,3,1,4,2,Not too much,Some,Some,Not too much,Not too much,Not too much,3,4,5,6,1,2,Slightly conservative,Republican,1,2,3,4,NA,NA,Not very strong Republican,74,27,1,2,1,2,1,3,1,2,Quite a few,Stops political leaders from doing things that shouldn't be done,1,2,Tend to favor one side,1,2,Once in a while,NA,NA,NA,NA,NA,NA,Very accurate,Very accurate,2,3,7,5,1,8,4,6,A moderately big problem,Yes,A moderate amount,Very likely,5,4,5,5,5,38,69,58,59,control,f630a4981c0afef135dc6296b3c5aa63,1
2023-05-24T01:12:32Z,2023-05-24T01:18:26Z,IP Address,71.206.81.8,100,354,TRUE,2023-05-24T01:18:27Z,R_2wzPz3nXlPLV0bX,NA,NA,f455a7631344825d663282c78c2ace8f,NA,25.4931,-80.4344,anonymous,EN,Strongly Disagree,Strongly Agree,Strongly Agree,Strongly Disagree,4,2,1,3,Not too much,A lot,A lot,Not too much,Some,A lot,3,5,2,1,4,6,Somewhat liberal,Democrat,1,2,3,4,NA,Strong Democrat,NA,12,83,2,1,-2,Strongly Agree,2,1,2,3,Not very many,Stops political leaders from doing things that shouldn't be done,2,1,Tend to favor one side,1,2,Once in a while,Not very accurate,Not very accurate,Not at all accurate,Not at all accurate,Somewhat accurate,Very accurate,Not at all accurate,Very accurate,3,6,2,7,8,5,1,4,A moderately big problem,Yes,A great deal,Very likely,Not at all likely,2,4,2,2,11,65,64,23,treatment,f455a7631344825d663282c78c2ace8f,1
2023-05-23T23:21:20Z,2023-05-24T02:06:01Z,IP Address,102.89.33.62,100,9880,TRUE,2023-05-24T02:06:01Z,R_1OV9310ahJ5NMga,NA,NA,cc3bb9b2b4cc49e3b11aaf9a21fe10f4,NA,6.4474,3.3903,anonymous,EN,3,Strongly Agree,Strongly Agree,Strongly Disagree,2,1,3,4,A lot,A lot,A lot,A lot,A lot,A lot,5,3,1,2,4,6,"Moderate, middle of the road",Republican,1,2,3,4,NA,NA,Not very strong Republican,86,28,2,1,-3,Strongly Disagree,Strongly Disagree,3,2,1,Quite a few,Keeps political leaders from doing their job,2,1,Deal fairly with all sides,1,2,All the time,Somewhat accurate,Somewhat accurate,Somewhat accurate,Very accurate,Not very accurate,Not very accurate,Very accurate,Somewhat accurate,6,8,5,7,3,2,4,1,A moderately big problem,Yes,A moderate amount,6,5,6,6,6,4,62,80,31,74,control,cc3bb9b2b4cc49e3b11aaf9a21fe10f4,1
2023-05-24T06:34:16Z,2023-05-24T06:40:40Z,IP Address,136.55.167.254,100,384,TRUE,2023-05-24T06:40:40Z,R_3LhwbBKCiG3dawX,NA,NA,8f6c65f6ad3684516378f29d5e9b047b,NA,33.7697,-84.3754,anonymous,EN,-3,Strongly Agree,Strongly Agree,1,4,3,2,1,Not too much,Some,A lot,Not too much,Not too much,A lot,4,3,5,2,1,6,Somewhat liberal,Democrat,1,2,3,4,NA,Strong Democrat,NA,2,75,2,1,1,Strongly Agree,0,2,1,3,Quite a few,Stops political leaders from doing things that shouldn't be done,1,2,Tend to favor one side,1,2,Once in a while,Not at all accurate,Not at all accurate,Not at all accurate,Not at all accurate,Not at all accurate,Very accurate,Very accurate,NA,4,3,6,8,7,2,1,5,A very big problem,Yes,A lot,Very likely,6,Very likely,6,4,6,30,39,10,2,control,8f6c65f6ad3684516378f29d5e9b047b,1
2023-05-24T08:29:24Z,2023-05-24T08:35:16Z,IP Address,166.192.43.45,100,352,TRUE,2023-05-24T08:35:17Z,R_271cTeln5OxCZjR,NA,NA,da12e486f9215780a5896142315802dd,NA,42.781,-73.9115,anonymous,EN,-2,3,3,-2,3,1,4,2,Some,Not too much,Not too much,Some,Some,A lot,1,3,4,2,6,5,Very conservative,Republican,2,1,3,4,NA,NA,Strong Republican,96,24,2,1,3,Strongly Agree,3,2,3,1,Quite a few,Stops political leaders from doing things that shouldn't be done,1,2,Tend to favor one side,2,1,About half of the time,Not very accurate,NA,NA,Not very accurate,Somewhat accurate,NA,Very accurate,Somewhat accurate,6,4,8,5,2,1,7,3,A very big problem,Yes,A great deal,6,6,Very likely,6,5,6,23,65,36,56,treatment,da12e486f9215780a5896142315802dd,1
2023-05-24T11:12:45Z,2023-05-24T11:26:08Z,IP Address,216.151.180.4,100,803,TRUE,2023-05-24T11:26:08Z,R_1JJEecmm5sgukXA,NA,NA,a68239b992700de5572b9584954d01cf,NA,40.7157,-74,anonymous,EN,2,Strongly Agree,Strongly Agree,Strongly Disagree,3,4,2,1,A lot,A lot,A lot,A lot,A lot,A lot,2,6,1,5,4,3,Very conservative,Democrat,1,2,3,4,NA,Strong Democrat,NA,0,100,1,2,0,1,0,1,3,2,Not very many,Stops political leaders from doing things that shouldn't be done,1,2,Deal fairly with all sides,2,1,About half of the time,Very accurate,Somewhat accurate,Very accurate,Somewhat accurate,Somewhat accurate,Not at all accurate,Very accurate,Very accurate,3,7,5,2,6,8,1,4,A moderately big problem,No,NA,Very likely,Very likely,Very likely,6,6,6,52,77,24,20,treatment,a68239b992700de5572b9584954d01cf,1
2023-05-24T06:15:43Z,2023-05-24T11:52:14Z,IP Address,74.208.179.147,100,20191,TRUE,2023-05-24T11:52:15Z,R_2dyWcai2IJBdfkO,NA,NA,a23c90952049077104d78515c8d500ae,NA,37.751,-97.822,anonymous,EN,-2,Strongly Agree,Strongly Agree,Strongly Disagree,1,4,2,3,A lot,A lot,Some,A lot,A lot,A lot,5,6,4,3,2,1,Very conservative,Republican,1,2,3,4,NA,NA,Strong Republican,100,50,1,2,Strongly Disagree,-3,Strongly Disagree,3,2,1,Quite a few,Keeps political leaders from doing their job,1,2,Deal fairly with all sides,1,2,Never,Very accurate,Very accurate,Very accurate,Very accurate,Very accurate,Very accurate,Not very accurate,Very accurate,4,5,3,1,6,2,8,7,A small problem,Yes,A great deal,4,Very likely,Very likely,3,6,Not at all likely,99,100,100,95,treatment,a23c90952049077104d78515c8d500ae,1
2023-05-24T07:58:40Z,2023-05-24T12:14:43Z,IP Address,102.91.52.9,100,15362,TRUE,2023-05-24T12:14:44Z,R_ehuHfB3mERI3VLP,NA,NA,8a73e6719eae1aabc61a94ea0f47502e,NA,9.0567,7.4969,anonymous,EN,Strongly Disagree,Strongly Agree,3,Strongly Disagree,3,4,2,1,A lot,A lot,A lot,A lot,A lot,A lot,6,1,2,5,3,4,Very conservative,Democrat,1,2,3,4,NA,Strong Democrat,NA,12,96,2,1,-3,1,-3,1,3,2,Not very many,Keeps political leaders from doing their job,1,2,Tend to favor one side,1,2,All the time,Very accurate,Very accurate,Somewhat accurate,Very accurate,Very accurate,Very accurate,Very accurate,Very accurate,5,4,1,3,8,2,6,7,A moderately big problem,No,NA,Very likely,Very likely,6,Very likely,Very likely,6,85,77,83,87,treatment,8a73e6719eae1aabc61a94ea0f47502e,1
2023-05-24T13:00:00Z,2023-05-24T13:43:12Z,IP Address,165.155.169.175,100,2591,TRUE,2023-05-24T13:43:12Z,R_2P5ooy08DaPl9Sk,NA,NA,56a787928c8d021eb10e07fb37bade09,NA,40.8004,-73.9504,anonymous,EN,-2,Strongly Agree,2,-1,1,4,2,3,A lot,Some,Some,Some,A lot,A lot,2,5,4,1,3,6,Somewhat liberal,Democrat,1,2,3,4,NA,Strong Democrat,NA,8,78,1,2,2,2,-1,2,1,3,Quite a few,Stops political leaders from doing things that shouldn't be done,2,1,Deal fairly with all sides,2,1,Never,NA,Very accurate,NA,Not very accurate,Somewhat accurate,Very accurate,Very accurate,NA,2,7,5,8,3,1,4,6,A moderately big problem,No,NA,5,5,Very likely,6,4,6,37,66,70,65,control,56a787928c8d021eb10e07fb37bade09,1
2023-05-23T18:48:09Z,2023-05-24T14:14:51Z,IP Address,69.116.114.102,100,70002,TRUE,2023-05-24T14:14:52Z,R_2TmHrlwWsBMqylK,NA,NA,ffde82da12d99a13d3187aecc3410428,NA,40.5175,-74.3991,anonymous,EN,Strongly Agree,Strongly Agree,Strongly Agree,Strongly Disagree,1,2,4,3,Some,Not too much,Some,Some,Some,Some,5,1,6,4,2,3,Slightly liberal,Democrat,1,2,3,4,NA,Not very strong Democrat,NA,31,79,1,2,2,2,2,2,3,1,Quite a few,Stops political leaders from doing things that shouldn't be done,1,2,Tend to favor one side,2,1,Once in a while,Somewhat accurate,Somewhat accurate,Very accurate,Very accurate,Not very accurate,Somewhat accurate,Very accurate,Very accurate,2,7,6,5,1,4,3,8,A very big problem,Yes,Little,Very likely,Very likely,Very likely,Very likely,Very likely,Very likely,60,60,60,60,treatment,ffde82da12d99a13d3187aecc3410428,1
2023-05-24T14:17:41Z,2023-05-24T14:21:38Z,IP Address,99.28.146.189,100,236,TRUE,2023-05-24T14:21:39Z,R_6R4mAA5HIa2A6FX,NA,NA,466bb3d3214d81650ec7b1281d0f454e,NA,33.7871,-117.8821,anonymous,EN,0,3,3,Strongly Disagree,1,2,4,3,Some,A lot,A lot,Some,Some,A lot,4,6,5,1,2,3,"Moderate, middle of the road",Democrat,1,2,3,4,NA,Strong Democrat,NA,9,80,1,2,-1,2,0,2,3,1,Quite a few,Stops political leaders from doing things that shouldn't be done,1,2,Tend to favor one side,1,2,About half of the time,NA,Not at all accurate,NA,Not at all accurate,Not very accurate,Very accurate,Very accurate,Somewhat accurate,1,8,7,6,5,4,2,3,A very big problem,Yes,A moderate amount,Very likely,6,6,6,5,5,60,69,70,69,treatment,466bb3d3214d81650ec7b1281d0f454e,1
2023-05-24T09:24:21Z,2023-05-24T14:27:36Z,IP Address,66.228.0.140,100,18194,TRUE,2023-05-24T14:27:37Z,R_3P4rOT0ovRrGgMK,NA,NA,f118d25b1740c079057a958f7586ae93,NA,1.2929,103.8547,anonymous,EN,-2,Strongly Agree,Strongly Agree,0,3,4,2,1,Some,Some,Some,Some,Some,Some,2,3,4,6,1,5,Very liberal,Democrat,1,2,3,4,NA,Strong Democrat,NA,0,80,1,2,1,2,-1,2,1,3,Quite a few,Stops political leaders from doing things that shouldn't be done,1,2,Tend to favor one side,2,1,About half of the time,NA,Not very accurate,Not at all accurate,Not at all accurate,Not at all accurate,Very accurate,Very accurate,Somewhat accurate,2,3,7,4,6,8,5,1,A very big problem,Yes,A lot,Very likely,Very likely,Very likely,Very likely,5,4,63,68,74,76,treatment,f118d25b1740c079057a958f7586ae93,1
2023-05-24T15:20:42Z,2023-05-24T15:25:49Z,IP Address,206.54.194.188,100,307,TRUE,2023-05-24T15:25:50Z,R_3PjiR9Aydy7zrGi,NA,NA,7b14c9223d20d997519e63b529d278cb,NA,29.6654,-95.7245,anonymous,EN,Strongly Disagree,Strongly Agree,Strongly Agree,Strongly Disagree,1,3,4,2,A lot,Not too much,A lot,Some,A lot,A lot,6,1,5,4,3,2,Very liberal,Independent,2,1,3,4,Closer to the Democratic Party,NA,NA,0,30,1,2,2,Strongly Agree,-1,1,2,3,Quite a few,Stops political leaders from doing things that shouldn't be done,1,2,Deal fairly with all sides,1,2,Never,Very accurate,Not at all accurate,Not at all accurate,Not at all accurate,Not at all accurate,Very accurate,Very accurate,Very accurate,1,3,8,5,2,6,7,4,A very big problem,Yes,A moderate amount,2,5,6,5,3,5,23,55,51,57,control,7b14c9223d20d997519e63b529d278cb,1
2023-05-24T16:05:37Z,2023-05-24T16:14:17Z,IP Address,69.112.109.244,100,519,TRUE,2023-05-24T16:14:18Z,R_xla9sZSzyKDXYQx,NA,NA,c51136b3e737ba977f8dde744fb9e81b,NA,40.6739,-73.9358,anonymous,EN,Strongly Disagree,Strongly Agree,Strongly Agree,Strongly Disagree,4,2,3,1,Not too much,Not too much,Not too much,Not too much,Not too much,Some,3,5,1,4,2,6,Very liberal,Democrat,1,2,3,4,NA,Strong Democrat,NA,0,100,2,1,Strongly Agree,Strongly Agree,Strongly Agree,3,1,2,Quite a few,Stops political leaders from doing things that shouldn't be done,2,1,Tend to favor one side,2,1,Most of the time,Somewhat accurate,Somewhat accurate,Not at all accurate,Not at all accurate,Not at all accurate,Very accurate,Very accurate,Not at all accurate,8,5,6,1,7,2,4,3,A very big problem,Yes,A moderate amount,Very likely,Very likely,Very likely,Very likely,Very likely,Very likely,72,88,69,85,treatment,c51136b3e737ba977f8dde744fb9e81b,1
2023-05-24T16:14:23Z,2023-05-24T16:18:24Z,IP Address,73.192.69.83,100,241,TRUE,2023-05-24T16:18:25Z,R_1pKlsJWwvfH2RCm,NA,NA,512eb14179dec793c6ce8b860b4c8306,NA,30.3341,-81.6544,anonymous,EN,0,Strongly Agree,Strongly Agree,Strongly Disagree,2,1,4,3,Not at all,A lot,Some,Not at all,Some,Not too much,6,3,1,4,5,2,Very liberal,Democrat,2,1,3,4,NA,Not very strong Democrat,NA,0,28,1,2,0,Strongly Agree,Strongly Agree,3,1,2,Quite a few,Stops political leaders from doing things that shouldn't be done,1,2,Tend to favor one side,1,2,About half of the time,NA,NA,Not at all accurate,Not at all accurate,Not at all accurate,Very accurate,Very accurate,Very accurate,3,6,4,5,2,7,1,8,A very big problem,Yes,A lot,Very likely,Very likely,6,Very likely,Very likely,Very likely,9,51,50,50,control,512eb14179dec793c6ce8b860b4c8306,1
2023-05-24T16:57:56Z,2023-05-24T17:04:34Z,IP Address,156.63.69.132,100,398,TRUE,2023-05-24T17:04:35Z,R_21mjgrBe9oJxido,NA,NA,001e711bb070699b6260384c232068af,NA,39.9508,-82.9329,anonymous,EN,-3,Strongly Agree,Strongly Agree,3,4,2,1,3,A lot,Not too much,A lot,Some,A lot,A lot,3,5,2,4,1,6,Very liberal,Democrat,1,2,3,4,NA,Strong Democrat,NA,0,90,1,2,0,2,-1,1,2,3,Hardly any,Stops political leaders from doing things that shouldn't be done,1,2,Deal fairly with all sides,2,1,Once in a while,Not at all accurate,Not at all accurate,Not at all accurate,Very accurate,Not at all accurate,Very accurate,Very accurate,NA,4,7,3,8,1,6,5,2,A moderately big problem,Yes,A great deal,Very likely,4,Very likely,Very likely,6,Very likely,8,87,15,32,control,001e711bb070699b6260384c232068af,1
2023-05-24T17:02:46Z,2023-05-24T17:06:05Z,IP Address,68.198.151.23,100,199,TRUE,2023-05-24T17:06:06Z,R_3IVHWjaApTXvvsO,NA,NA,dc57ab97d8b720530680916b1190a9f6,NA,40.8599,-73.1148,anonymous,EN,-2,Strongly Agree,Strongly Agree,2,1,3,2,4,A lot,A lot,A lot,Not at all,A lot,Some,5,4,2,1,3,6,"Moderate, middle of the road",Democrat,2,1,3,4,NA,Not very strong Democrat,NA,42,91,2,1,2,Strongly Agree,2,1,3,2,Quite a few,Stops political leaders from doing things that shouldn't be done,2,1,Tend to favor one side,2,1,Once in a while,Very accurate,Very accurate,Somewhat accurate,Very accurate,Not at all accurate,Very accurate,Very accurate,NA,4,8,2,5,3,7,1,6,A moderately big problem,No,NA,Very likely,Very likely,Very likely,Very likely,Very likely,6,78,29,79,80,control,dc57ab97d8b720530680916b1190a9f6,1
2023-05-24T17:24:52Z,2023-05-24T17:30:39Z,IP Address,104.28.79.160,100,346,TRUE,2023-05-24T17:30:39Z,R_3e3TEKeD5kMFrax,NA,NA,58d9683897a5262e1defca9b5a9501ae,NA,40.7123,-74.0068,anonymous,EN,Strongly Disagree,Strongly Agree,Strongly Agree,Strongly Disagree,3,2,4,1,Some,Some,Some,Some,Some,Some,2,1,4,3,5,6,"Moderate, middle of the road",Independent,2,1,3,4,Neither,NA,NA,30,30,2,1,2,3,2,1,3,2,Quite a few,Stops political leaders from doing things that shouldn't be done,1,2,Tend to favor one side,2,1,Most of the time,Not very accurate,Somewhat accurate,Very accurate,Not very accurate,Not very accurate,Somewhat accurate,Very accurate,Very accurate,4,5,2,8,7,1,6,3,A moderately big problem,Yes,A moderate amount,6,Very likely,5,5,5,4,23,32,25,60,control,58d9683897a5262e1defca9b5a9501ae,1
2023-05-24T20:59:59Z,2023-05-24T21:06:58Z,IP Address,158.51.113.168,100,418,TRUE,2023-05-24T21:06:59Z,R_1E0gCrwN1agFkMj,NA,NA,f86543231556f93abbff0e6e6ad989fd,NA,42.8856,-78.8736,anonymous,EN,1,2,3,2,4,2,1,3,A lot,A lot,A lot,A lot,Some,Some,2,1,6,5,3,4,Somewhat liberal,Democrat,1,2,3,4,NA,Not very strong Democrat,NA,62,82,2,1,-3,-3,-2,1,3,2,Not very many,Stops political leaders from doing things that shouldn't be done,1,2,Tend to favor one side,2,1,Most of the time,Somewhat accurate,Somewhat accurate,Very accurate,Somewhat accurate,Somewhat accurate,Very accurate,Very accurate,Somewhat accurate,1,2,3,6,4,7,5,8,A moderately big problem,Yes,A moderate amount,4,5,4,5,5,5,70,89,75,69,control,f86543231556f93abbff0e6e6ad989fd,1
2023-05-25T00:26:08Z,2023-05-25T00:35:08Z,IP Address,172.98.87.216,100,539,TRUE,2023-05-25T00:35:08Z,R_b31OaA0dSRvPf6p,NA,NA,81cd5660526bd734cc319ae1f60b5a66,NA,33.4475,-112.0866,anonymous,EN,Strongly Disagree,Strongly Agree,Strongly Agree,-3,2,1,4,3,Some,Some,Some,Some,A lot,Not too much,4,1,5,2,6,3,"Moderate, middle of the road",Independent,2,1,3,4,Closer to the Republican Party,NA,NA,75,66,1,2,Strongly Agree,Strongly Agree,Strongly Agree,3,2,1,Quite a few,Stops political leaders from doing things that shouldn't be done,1,2,Tend to favor one side,1,2,About half of the time,Somewhat accurate,Somewhat accurate,Very accurate,Not very accurate,Somewhat accurate,Somewhat accurate,Very accurate,Not very accurate,7,5,1,8,2,6,3,4,A very big problem,Yes,Little,Very likely,3,Very likely,6,4,4,32,79,37,54,control,81cd5660526bd734cc319ae1f60b5a66,1
2023-05-25T00:38:18Z,2023-05-25T00:44:01Z,IP Address,172.98.87.216,100,343,TRUE,2023-05-25T00:44:02Z,R_2SCPxKjz7MaHSHL,NA,NA,1af9103411ff277321f26f477c092d87,NA,33.4475,-112.0866,anonymous,EN,Strongly Disagree,Strongly Agree,Strongly Agree,Strongly Disagree,3,4,1,2,Not too much,Not too much,Some,Some,A lot,Some,6,5,1,4,3,2,Slightly conservative,Republican,2,1,3,4,NA,NA,Not very strong Republican,78,70,1,2,2,Strongly Agree,3,3,1,2,Not very many,Stops political leaders from doing things that shouldn't be done,1,2,Tend to favor one side,1,2,About half of the time,Somewhat accurate,Somewhat accurate,Very accurate,Not at all accurate,Very accurate,Somewhat accurate,Very accurate,Not very accurate,1,3,8,4,2,7,5,6,A very big problem,Yes,Little,6,6,Very likely,Very likely,4,3,10,74,34,61,control,1af9103411ff277321f26f477c092d87,1
2023-05-25T07:30:07Z,2023-05-25T07:34:38Z,IP Address,37.19.200.23,100,271,TRUE,2023-05-25T07:34:40Z,R_1gd17JCNOiw3Mbh,NA,NA,13df396531a0a19c5fa17ea556b10a84,NA,32.7797,-96.8022,anonymous,EN,Strongly Agree,3,Strongly Agree,3,1,2,4,3,Some,A lot,A lot,A lot,A lot,A lot,4,2,3,5,1,6,"Moderate, middle of the road",Democrat,2,1,3,4,NA,Strong Democrat,NA,74,70,1,2,3,3,0,1,3,2,Hardly any,Keeps political leaders from doing their job,1,2,Tend to favor one side,1,2,Most of the time,Very accurate,Very accurate,Very accurate,Somewhat accurate,Very accurate,Very accurate,Somewhat accurate,Very accurate,3,5,4,6,1,8,2,7,A small problem,Yes,A lot,6,Very likely,6,6,Very likely,Very likely,66,73,77,86,control,13df396531a0a19c5fa17ea556b10a84,1
2023-05-25T07:45:58Z,2023-05-25T07:48:55Z,IP Address,185.230.126.5,100,176,TRUE,2023-05-25T07:48:56Z,R_Y0k9WC1PHQVN1Qt,NA,NA,653a4fa3936f402b4cd532072a2a7c25,NA,34.0485,-118.2529,anonymous,EN,Strongly Agree,Strongly Agree,3,3,4,1,2,3,A lot,A lot,A lot,A lot,A lot,Some,1,4,2,3,6,5,"Moderate, middle of the road",Democrat,2,1,3,4,NA,Strong Democrat,NA,85,79,2,1,Strongly Agree,3,Strongly Agree,2,1,3,Hardly any,Keeps political leaders from doing their job,1,2,Deal fairly with all sides,1,2,About half of the time,Very accurate,Somewhat accurate,Very accurate,Very accurate,Somewhat accurate,Somewhat accurate,Very accurate,Very accurate,1,7,6,4,2,5,3,8,A moderately big problem,Yes,A moderate amount,6,Very likely,Very likely,6,Very likely,6,78,69,78,75,treatment,653a4fa3936f402b4cd532072a2a7c25,1
2023-05-25T07:46:23Z,2023-05-25T07:49:52Z,IP Address,89.187.180.58,100,208,TRUE,2023-05-25T07:49:53Z,R_uwDc5MH1avubvKV,NA,NA,4153085d332f842a14daf25297bbfc4f,NA,41.8874,-87.6318,anonymous,EN,Strongly Agree,3,Strongly Agree,3,1,3,4,2,A lot,A lot,A lot,Some,Some,A lot,1,6,4,2,5,3,"Moderate, middle of the road",Democrat,2,1,3,4,NA,Strong Democrat,NA,81,100,2,1,Strongly Agree,Strongly Agree,3,3,1,2,Not very many,Keeps political leaders from doing their job,2,1,Deal fairly with all sides,1,2,Most of the time,Very accurate,Somewhat accurate,Very accurate,Very accurate,Very accurate,Very accurate,Somewhat accurate,Somewhat accurate,5,2,6,4,8,1,3,7,A moderately big problem,Yes,A moderate amount,Very likely,6,Very likely,6,Very likely,6,87,82,75,80,treatment,4153085d332f842a14daf25297bbfc4f,1
2023-05-25T07:50:49Z,2023-05-25T07:53:31Z,IP Address,146.70.45.85,100,162,TRUE,2023-05-25T07:53:32Z,R_2PuOJBq86DIC8yY,NA,NA,c2609b488f810b9f69935631786307c6,NA,25.9092,-80.3927,anonymous,EN,Strongly Agree,3,3,Strongly Agree,4,1,2,3,Some,A lot,A lot,Some,Some,Some,2,6,5,1,4,3,"Moderate, middle of the road",Democrat,2,1,3,4,NA,Strong Democrat,NA,85,88,1,2,3,3,Strongly Agree,1,3,2,Not very many,Keeps political leaders from doing their job,1,2,Tend to favor one side,2,1,Most of the time,Very accurate,Somewhat accurate,Somewhat accurate,Very accurate,Very accurate,Somewhat accurate,Very accurate,Very accurate,1,6,3,8,2,5,4,7,A moderately big problem,Yes,A moderate amount,5,Very likely,Very likely,6,5,6,83,79,90,90,treatment,c2609b488f810b9f69935631786307c6,1
2023-05-25T07:52:16Z,2023-05-25T08:09:56Z,IP Address,174.243.148.203,100,1060,TRUE,2023-05-25T08:09:57Z,R_2qsG31TW3biZ2ce,NA,NA,29bfaa16829f1e5b46dc08d7eb976dd0,NA,34.0447,-118.2946,anonymous,EN,2,Strongly Agree,Strongly Agree,Strongly Disagree,4,3,1,2,Some,A lot,Not too much,Some,Some,Some,2,5,4,3,6,1,"Moderate, middle of the road",Republican,2,1,3,4,NA,NA,Strong Republican,92,30,1,2,-3,3,-3,1,2,3,Quite a few,Stops political leaders from doing things that shouldn't be done,2,1,Deal fairly with all sides,1,2,Most of the time,Very accurate,Very accurate,Somewhat accurate,Not very accurate,Somewhat accurate,Very accurate,Very accurate,Very accurate,6,5,4,2,7,1,3,8,A moderately big problem,Yes,A lot,5,Very likely,5,6,Very likely,5,68,89,16,37,treatment,29bfaa16829f1e5b46dc08d7eb976dd0,1
2023-05-25T14:11:04Z,2023-05-25T14:15:25Z,IP Address,174.240.252.182,100,261,TRUE,2023-05-25T14:15:27Z,R_3GvODWz1pZ8PPo3,NA,NA,4eb38cc0dbf884a6fcc60d2d4cb5f618,NA,41.8764,-87.6133,anonymous,EN,Strongly Disagree,Strongly Disagree,Strongly Agree,Strongly Disagree,1,4,2,3,Some,Some,Some,Some,Some,Some,5,3,2,1,6,4,"Moderate, middle of the road",Democrat,2,1,3,4,NA,Strong Democrat,NA,49,82,1,2,Strongly Disagree,Strongly Disagree,Strongly Disagree,3,2,1,Quite a few,Stops political leaders from doing things that shouldn't be done,2,1,Tend to favor one side,2,1,About half of the time,Not at all accurate,Very accurate,Very accurate,Very accurate,Very accurate,Very accurate,Very accurate,Very accurate,4,5,7,3,8,2,1,6,A very big problem,Yes,Little,Very likely,Very likely,3,Very likely,Very likely,Very likely,59,66,67,77,treatment,4eb38cc0dbf884a6fcc60d2d4cb5f618,1
2023-05-23T02:56:10Z,2023-05-23T02:56:48Z,IP Address,107.77.225.25,17,38,FALSE,2023-05-25T14:19:44Z,R_xDe2LrKYRKuUQW5,NA,NA,f630a4981c0afef135dc6296b3c5aa63,NA,NA,NA,anonymous,EN,NA,NA,NA,NA,NA,NA,NA,NA,NA,NA,NA,NA,NA,NA,NA,NA,NA,NA,NA,NA,NA,NA,NA,NA,NA,NA,NA,NA,NA,NA,NA,NA,NA,NA,NA,NA,NA,NA,NA,NA,NA,NA,NA,NA,NA,NA,NA,NA,NA,NA,NA,NA,NA,NA,NA,NA,NA,NA,NA,NA,NA,NA,NA,NA,NA,NA,NA,NA,NA,NA,NA,NA,NA,NA,NA,NA,control,f630a4981c0afef135dc6296b3c5aa63,1
2023-05-23T13:49:05Z,2023-05-23T13:49:45Z,IP Address,165.155.170.166,13,39,FALSE,2023-05-25T14:19:45Z,R_302G3NTgc6bzRTc,NA,NA,56a787928c8d021eb10e07fb37bade09,NA,NA,NA,anonymous,EN,NA,NA,NA,NA,NA,NA,NA,NA,NA,NA,NA,NA,NA,NA,NA,NA,NA,NA,NA,NA,NA,NA,NA,NA,NA,NA,NA,NA,NA,NA,NA,NA,NA,NA,NA,NA,NA,NA,NA,NA,NA,NA,NA,NA,NA,NA,NA,NA,NA,NA,NA,NA,NA,NA,NA,NA,NA,NA,NA,NA,NA,NA,NA,NA,NA,NA,NA,NA,NA,NA,NA,NA,NA,NA,NA,NA,control,56a787928c8d021eb10e07fb37bade09,1
2023-05-23T20:54:56Z,2023-05-23T20:56:04Z,IP Address,64.223.129.99,4,68,FALSE,2023-05-25T14:19:45Z,R_qUCOnQVpL8Y4EkF,NA,NA,ffb5769f29b2afefa0958624f2a5a123,NA,NA,NA,anonymous,EN,NA,NA,NA,NA,NA,NA,NA,NA,NA,NA,NA,NA,NA,NA,NA,NA,NA,NA,NA,NA,NA,NA,NA,NA,NA,NA,NA,NA,NA,NA,NA,NA,NA,NA,NA,NA,NA,NA,NA,NA,NA,NA,NA,NA,NA,NA,NA,NA,NA,NA,NA,NA,NA,NA,NA,NA,NA,NA,NA,NA,NA,NA,NA,NA,NA,NA,NA,NA,NA,NA,NA,NA,NA,NA,NA,NA,treatment,ffb5769f29b2afefa0958624f2a5a123,1
2023-05-22T19:04:42Z,2023-05-22T19:05:10Z,IP Address,216.165.95.145,17,28,FALSE,2023-05-25T14:19:46Z,R_QaEaRBy3czm3W93,NA,NA,NA,NA,NA,NA,anonymous,EN,NA,NA,NA,NA,NA,NA,NA,NA,NA,NA,NA,NA,NA,NA,NA,NA,NA,NA,NA,NA,NA,NA,NA,NA,NA,NA,NA,NA,NA,NA,NA,NA,NA,NA,NA,NA,NA,NA,NA,NA,NA,NA,NA,NA,NA,NA,NA,NA,NA,NA,NA,NA,NA,NA,NA,NA,NA,NA,NA,NA,NA,NA,NA,NA,NA,NA,NA,NA,NA,NA,NA,NA,NA,NA,NA,NA,treatment,NA,NA
2023-05-24T21:28:42Z,2023-05-24T21:30:04Z,IP Address,72.75.233.211,22,82,FALSE,2023-05-25T14:19:47Z,R_12hGhecumKK6U0B,NA,NA,63bb12e99514569a3e30b618987a60ae,NA,NA,NA,anonymous,EN,Strongly Disagree,Strongly Agree,2,-2,3,4,1,2,NA,NA,NA,NA,NA,NA,NA,NA,NA,NA,NA,NA,NA,NA,NA,NA,NA,NA,NA,NA,NA,NA,NA,NA,NA,NA,NA,NA,NA,NA,NA,NA,NA,NA,NA,NA,NA,NA,NA,NA,NA,NA,NA,NA,NA,NA,NA,NA,NA,NA,NA,NA,NA,NA,NA,NA,NA,NA,NA,NA,NA,NA,NA,NA,NA,NA,NA,NA,control,63bb12e99514569a3e30b618987a60ae,1
